label,input_tokens,output_tokens,prompt_ms,decode_ms,prompt_tps,decode_tps,ttft_s,total_s,drafts_accepted,drafts_offered,valid
public2185-256-r1,2185,256,6885.1,5328.3,317.3519629344526,48.04534279226019,6.938324049999892,12.213906712999915,168,217,True
public20-256-r1,20,256,368.9,5275.4,54.21523448088913,48.527125905144636,0.40213101600011214,5.644547747999923,170,234,True
canary-end-r1,23,8,383.3,174.4,60.00521784503,45.87155963302752,0.4170421799999531,0.5578549500000918,6,6,True
public2185-256-r2,2185,256,6866.7,5280.8,318.2023388235979,48.47750340857446,6.920144385999947,12.148039585999868,168,217,True
public20-256-r2,20,256,368.8,5166.0,54.22993492407809,49.55478126209834,0.4017569249999724,5.535023658,170,234,True
canary-end-r2,23,8,382.5,164.3,60.130718954248366,48.69141813755325,0.4161403489999884,0.5471247349998976,6,6,True
public2185-256-r3,2185,256,6881.3,5327.8,317.5272114280732,48.0498517211607,6.9349513430001934,12.209581964000108,168,217,True
public20-256-r3,20,256,369.0,5282.1,54.200542005420054,48.46557240491471,0.40227551300017694,5.651366373999963,170,234,True
canary-end-r3,23,8,381.8,174.7,60.24096385542168,45.79278763594734,0.4158759239999199,0.5568556229998194,6,6,True
