timestamp,index,temperature_c,sm_clock,power_w,software_thermal,hardware_thermal
2026/10/01 23:26:35.048, 0, 65, 1245 MHz, 45.84 W, Not Active, Not Active
2026/10/01 23:26:35.053, 1, 55, 1245 MHz, 43.91 W, Not Active, Not Active
2026/10/01 23:26:36.057, 0, 66, 1380 MHz, 103.81 W, Not Active, Not Active
2026/10/01 23:26:36.059, 1, 55, 1245 MHz, 43.95 W, Not Active, Not Active
2026/10/01 23:26:37.063, 0, 66, 1380 MHz, 55.32 W, Not Active, Not Active
2026/10/01 23:26:37.068, 1, 56, 1380 MHz, 76.27 W, Not Active, Not Active
2026/10/01 23:26:38.071, 0, 66, 1380 MHz, 53.43 W, Not Active, Not Active
2026/10/01 23:26:38.074, 1, 57, 1380 MHz, 159.60 W, Not Active, Not Active
2026/10/01 23:26:39.079, 0, 67, 1380 MHz, 101.65 W, Not Active, Not Active
2026/10/01 23:26:39.084, 1, 56, 1380 MHz, 50.60 W, Not Active, Not Active
2026/10/01 23:26:40.087, 0, 67, 1380 MHz, 97.76 W, Not Active, Not Active
2026/10/01 23:26:40.092, 1, 56, 1380 MHz, 50.40 W, Not Active, Not Active
2026/10/01 23:26:41.096, 0, 67, 1380 MHz, 97.87 W, Not Active, Not Active
2026/10/01 23:26:41.101, 1, 56, 1380 MHz, 50.81 W, Not Active, Not Active
2026/10/01 23:26:42.106, 0, 67, 1380 MHz, 64.72 W, Not Active, Not Active
2026/10/01 23:26:42.111, 1, 56, 1380 MHz, 50.35 W, Not Active, Not Active
2026/10/01 23:26:43.114, 0, 68, 1380 MHz, 203.70 W, Not Active, Not Active
2026/10/01 23:26:43.120, 1, 56, 1380 MHz, 50.24 W, Not Active, Not Active
2026/10/01 23:26:44.123, 0, 67, 1380 MHz, 71.34 W, Not Active, Not Active
2026/10/01 23:26:44.128, 1, 56, 1380 MHz, 50.13 W, Not Active, Not Active
2026/10/01 23:26:45.134, 0, 67, 1380 MHz, 53.98 W, Not Active, Not Active
2026/10/01 23:26:45.138, 1, 56, 1380 MHz, 167.29 W, Not Active, Not Active
2026/10/01 23:26:46.141, 0, 66, 1380 MHz, 53.47 W, Not Active, Not Active
2026/10/01 23:26:46.144, 1, 61, 1380 MHz, 230.79 W, Not Active, Not Active
2026/10/01 23:26:47.147, 0, 66, 1380 MHz, 53.93 W, Not Active, Not Active
2026/10/01 23:26:47.152, 1, 59, 1380 MHz, 52.10 W, Not Active, Not Active
2026/10/01 23:26:48.156, 0, 66, 1380 MHz, 53.93 W, Not Active, Not Active
2026/10/01 23:26:48.160, 1, 57, 1380 MHz, 51.23 W, Not Active, Not Active
2026/10/01 23:26:49.163, 0, 67, 1380 MHz, 69.78 W, Not Active, Not Active
2026/10/01 23:26:49.167, 1, 58, 1380 MHz, 99.84 W, Not Active, Not Active
2026/10/01 23:26:50.174, 0, 67, 1380 MHz, 69.29 W, Not Active, Not Active
2026/10/01 23:26:50.180, 1, 58, 1380 MHz, 102.03 W, Not Active, Not Active
2026/10/01 23:26:51.184, 0, 67, 1380 MHz, 72.75 W, Not Active, Not Active
2026/10/01 23:26:51.188, 1, 59, 1380 MHz, 94.12 W, Not Active, Not Active
2026/10/01 23:26:52.191, 0, 67, 1380 MHz, 85.35 W, Not Active, Not Active
2026/10/01 23:26:52.195, 1, 59, 1380 MHz, 87.17 W, Not Active, Not Active
2026/10/01 23:26:53.200, 0, 68, 1380 MHz, 70.36 W, Not Active, Not Active
2026/10/01 23:26:53.205, 1, 58, 1380 MHz, 51.78 W, Not Active, Not Active
2026/10/01 23:26:54.207, 0, 68, 1380 MHz, 75.34 W, Not Active, Not Active
2026/10/01 23:26:54.211, 1, 57, 1380 MHz, 51.58 W, Not Active, Not Active
2026/10/01 23:26:55.215, 0, 68, 1380 MHz, 172.81 W, Not Active, Not Active
2026/10/01 23:26:55.220, 1, 57, 1380 MHz, 51.51 W, Not Active, Not Active
2026/10/01 23:26:56.223, 0, 69, 1380 MHz, 88.76 W, Not Active, Not Active
2026/10/01 23:26:56.226, 1, 57, 1380 MHz, 51.21 W, Not Active, Not Active
2026/10/01 23:26:57.229, 0, 67, 1380 MHz, 54.36 W, Not Active, Not Active
2026/10/01 23:26:57.232, 1, 62, 1380 MHz, 198.92 W, Not Active, Not Active
2026/10/01 23:26:58.241, 0, 67, 1380 MHz, 53.98 W, Not Active, Not Active
2026/10/01 23:26:58.242, 1, 63, 1380 MHz, 196.75 W, Not Active, Not Active
2026/10/01 23:26:59.245, 0, 67, 1380 MHz, 54.39 W, Not Active, Not Active
2026/10/01 23:26:59.250, 1, 59, 1380 MHz, 52.78 W, Not Active, Not Active
2026/10/01 23:27:00.261, 0, 67, 1380 MHz, 54.39 W, Not Active, Not Active
2026/10/01 23:27:00.266, 1, 58, 1380 MHz, 52.39 W, Not Active, Not Active
2026/10/01 23:27:01.269, 0, 68, 1380 MHz, 64.39 W, Not Active, Not Active
2026/10/01 23:27:01.275, 1, 60, 1380 MHz, 159.20 W, Not Active, Not Active
2026/10/01 23:27:02.281, 0, 68, 1380 MHz, 75.53 W, Not Active, Not Active
2026/10/01 23:27:02.284, 1, 60, 1380 MHz, 108.76 W, Not Active, Not Active
2026/10/01 23:27:03.287, 0, 68, 1380 MHz, 123.01 W, Not Active, Not Active
2026/10/01 23:27:03.291, 1, 60, 1380 MHz, 72.70 W, Not Active, Not Active
2026/10/01 23:27:04.294, 0, 69, 1380 MHz, 182.64 W, Not Active, Not Active
2026/10/01 23:27:04.299, 1, 59, 1380 MHz, 53.11 W, Not Active, Not Active
2026/10/01 23:27:05.302, 0, 69, 1380 MHz, 105.99 W, Not Active, Not Active
2026/10/01 23:27:05.307, 1, 59, 1380 MHz, 53.02 W, Not Active, Not Active
2026/10/01 23:27:06.310, 0, 70, 1380 MHz, 133.58 W, Not Active, Not Active
2026/10/01 23:27:06.318, 1, 59, 1380 MHz, 52.91 W, Not Active, Not Active
2026/10/01 23:27:07.323, 0, 69, 1380 MHz, 69.87 W, Not Active, Not Active
2026/10/01 23:27:07.328, 1, 58, 1380 MHz, 52.84 W, Not Active, Not Active
2026/10/01 23:27:08.333, 0, 68, 1380 MHz, 54.91 W, Not Active, Not Active
2026/10/01 23:27:08.337, 1, 62, 1380 MHz, 222.43 W, Not Active, Not Active
2026/10/01 23:27:09.340, 0, 68, 1380 MHz, 54.93 W, Not Active, Not Active
2026/10/01 23:27:09.343, 1, 65, 1380 MHz, 208.52 W, Not Active, Not Active
2026/10/01 23:27:10.346, 0, 68, 1380 MHz, 54.95 W, Not Active, Not Active
2026/10/01 23:27:10.354, 1, 61, 1380 MHz, 53.26 W, Not Active, Not Active
2026/10/01 23:27:11.357, 0, 68, 1380 MHz, 54.97 W, Not Active, Not Active
2026/10/01 23:27:11.362, 1, 60, 1380 MHz, 52.58 W, Not Active, Not Active
2026/10/01 23:27:12.368, 0, 68, 1380 MHz, 71.13 W, Not Active, Not Active
2026/10/01 23:27:12.371, 1, 61, 1380 MHz, 111.07 W, Not Active, Not Active
2026/10/01 23:27:13.378, 0, 69, 1380 MHz, 81.29 W, Not Active, Not Active
2026/10/01 23:27:13.382, 1, 61, 1380 MHz, 117.86 W, Not Active, Not Active
2026/10/01 23:27:14.385, 0, 69, 1380 MHz, 75.52 W, Not Active, Not Active
2026/10/01 23:27:14.389, 1, 61, 1380 MHz, 104.48 W, Not Active, Not Active
2026/10/01 23:27:15.392, 0, 69, 1380 MHz, 91.22 W, Not Active, Not Active
2026/10/01 23:27:15.396, 1, 62, 1380 MHz, 85.87 W, Not Active, Not Active
2026/10/01 23:27:16.399, 0, 71, 1380 MHz, 208.98 W, Not Active, Not Active
2026/10/01 23:27:16.404, 1, 60, 1380 MHz, 52.62 W, Not Active, Not Active
2026/10/01 23:27:17.411, 0, 70, 1380 MHz, 89.88 W, Not Active, Not Active
2026/10/01 23:27:17.419, 1, 60, 1380 MHz, 52.55 W, Not Active, Not Active
2026/10/01 23:27:18.423, 0, 70, 1380 MHz, 107.60 W, Not Active, Not Active
2026/10/01 23:27:18.427, 1, 60, 1245 MHz, 45.41 W, Not Active, Not Active
2026/10/01 23:27:19.431, 0, 71, 1380 MHz, 82.25 W, Not Active, Not Active
2026/10/01 23:27:19.436, 1, 59, 1245 MHz, 45.43 W, Not Active, Not Active
2026/10/01 23:27:20.439, 0, 72, 1380 MHz, 177.28 W, Not Active, Not Active
2026/10/01 23:27:20.444, 1, 59, 1245 MHz, 45.06 W, Not Active, Not Active
2026/10/01 23:27:21.448, 0, 70, 1380 MHz, 55.99 W, Not Active, Not Active
2026/10/01 23:27:21.454, 1, 63, 1372 MHz, 203.39 W, Not Active, Not Active
2026/10/01 23:27:22.457, 0, 69, 1380 MHz, 55.64 W, Not Active, Not Active
2026/10/01 23:27:22.461, 1, 66, 1357 MHz, 238.90 W, Not Active, Not Active
2026/10/01 23:27:23.464, 0, 69, 1380 MHz, 55.40 W, Not Active, Not Active
2026/10/01 23:27:23.470, 1, 67, 1380 MHz, 211.87 W, Not Active, Not Active
2026/10/01 23:27:24.473, 0, 69, 1372 MHz, 54.67 W, Not Active, Not Active
2026/10/01 23:27:24.481, 1, 64, 1380 MHz, 55.27 W, Not Active, Not Active
2026/10/01 23:27:25.483, 0, 69, 1380 MHz, 55.73 W, Not Active, Not Active
2026/10/01 23:27:25.488, 1, 62, 1380 MHz, 54.21 W, Not Active, Not Active
2026/10/01 23:27:26.491, 0, 69, 1380 MHz, 55.63 W, Not Active, Not Active
2026/10/01 23:27:26.497, 1, 61, 1380 MHz, 57.00 W, Not Active, Not Active
2026/10/01 23:27:27.500, 0, 69, 1380 MHz, 74.69 W, Not Active, Not Active
2026/10/01 23:27:27.501, 1, 62, 1380 MHz, 108.66 W, Not Active, Not Active
2026/10/01 23:27:28.504, 0, 70, 1380 MHz, 89.43 W, Not Active, Not Active
2026/10/01 23:27:28.506, 1, 63, 1380 MHz, 116.59 W, Not Active, Not Active
2026/10/01 23:27:29.509, 0, 70, 1380 MHz, 84.96 W, Not Active, Not Active
2026/10/01 23:27:29.510, 1, 63, 1380 MHz, 114.91 W, Not Active, Not Active
2026/10/01 23:27:30.514, 0, 70, 1380 MHz, 128.95 W, Not Active, Not Active
2026/10/01 23:27:30.515, 1, 63, 1380 MHz, 108.93 W, Not Active, Not Active
2026/10/01 23:27:31.519, 0, 72, 1380 MHz, 194.79 W, Not Active, Not Active
2026/10/01 23:27:31.522, 1, 62, 1380 MHz, 54.81 W, Not Active, Not Active
2026/10/01 23:27:32.527, 0, 71, 1380 MHz, 69.98 W, Not Active, Not Active
2026/10/01 23:27:32.532, 1, 62, 1380 MHz, 54.48 W, Not Active, Not Active
2026/10/01 23:27:33.535, 0, 71, 1380 MHz, 82.14 W, Not Active, Not Active
2026/10/01 23:27:33.540, 1, 62, 1380 MHz, 54.36 W, Not Active, Not Active
2026/10/01 23:27:34.544, 0, 72, 1380 MHz, 224.26 W, Not Active, Not Active
2026/10/01 23:27:34.549, 1, 61, 1380 MHz, 54.06 W, Not Active, Not Active
2026/10/01 23:27:35.552, 0, 72, 1380 MHz, 89.89 W, Not Active, Not Active
2026/10/01 23:27:35.556, 1, 61, 1380 MHz, 54.36 W, Not Active, Not Active
2026/10/01 23:27:36.560, 0, 71, 1380 MHz, 56.98 W, Not Active, Not Active
2026/10/01 23:27:36.563, 1, 64, 1380 MHz, 249.81 W, Not Active, Not Active
2026/10/01 23:27:37.566, 0, 70, 1380 MHz, 56.27 W, Not Active, Not Active
2026/10/01 23:27:37.572, 1, 68, 1372 MHz, 203.59 W, Not Active, Not Active
2026/10/01 23:27:38.575, 0, 70, 1380 MHz, 56.13 W, Not Active, Not Active
2026/10/01 23:27:38.579, 1, 69, 1365 MHz, 226.57 W, Not Active, Not Active
2026/10/01 23:27:39.582, 0, 70, 1380 MHz, 56.10 W, Not Active, Not Active
2026/10/01 23:27:39.586, 1, 68, 1380 MHz, 71.63 W, Not Active, Not Active
2026/10/01 23:27:40.589, 0, 70, 1380 MHz, 56.50 W, Not Active, Not Active
2026/10/01 23:27:40.594, 1, 64, 1380 MHz, 55.38 W, Not Active, Not Active
2026/10/01 23:27:41.598, 0, 70, 1380 MHz, 56.40 W, Not Active, Not Active
2026/10/01 23:27:41.604, 1, 63, 1380 MHz, 57.28 W, Not Active, Not Active
2026/10/01 23:27:42.607, 0, 70, 1380 MHz, 69.09 W, Not Active, Not Active
2026/10/01 23:27:42.611, 1, 64, 1380 MHz, 117.22 W, Not Active, Not Active
2026/10/01 23:27:43.614, 0, 71, 1380 MHz, 71.68 W, Not Active, Not Active
2026/10/01 23:27:43.618, 1, 65, 1380 MHz, 109.35 W, Not Active, Not Active
2026/10/01 23:27:44.621, 0, 71, 1380 MHz, 73.51 W, Not Active, Not Active
2026/10/01 23:27:44.624, 1, 65, 1380 MHz, 116.34 W, Not Active, Not Active
2026/10/01 23:27:45.627, 0, 71, 1380 MHz, 89.17 W, Not Active, Not Active
2026/10/01 23:27:45.633, 1, 65, 1380 MHz, 109.40 W, Not Active, Not Active
2026/10/01 23:27:46.637, 0, 71, 1380 MHz, 56.88 W, Not Active, Not Active
2026/10/01 23:27:46.640, 1, 65, 1380 MHz, 56.80 W, Not Active, Not Active
2026/10/01 23:27:47.643, 0, 72, 1380 MHz, 66.32 W, Not Active, Not Active
2026/10/01 23:27:47.648, 1, 64, 1380 MHz, 55.64 W, Not Active, Not Active
2026/10/01 23:27:48.653, 0, 73, 1380 MHz, 85.31 W, Not Active, Not Active
2026/10/01 23:27:48.658, 1, 63, 1380 MHz, 55.34 W, Not Active, Not Active
2026/10/01 23:27:49.662, 0, 73, 1380 MHz, 82.32 W, Not Active, Not Active
2026/10/01 23:27:49.667, 1, 63, 1380 MHz, 55.24 W, Not Active, Not Active
2026/10/01 23:27:50.670, 0, 73, 1380 MHz, 77.16 W, Not Active, Not Active
2026/10/01 23:27:50.676, 1, 63, 1380 MHz, 55.35 W, Not Active, Not Active
2026/10/01 23:27:51.682, 0, 75, 1380 MHz, 220.13 W, Not Active, Not Active
2026/10/01 23:27:51.686, 1, 63, 1380 MHz, 55.20 W, Not Active, Not Active
2026/10/01 23:27:52.690, 0, 72, 1380 MHz, 58.13 W, Not Active, Not Active
2026/10/01 23:27:52.696, 1, 68, 1357 MHz, 214.01 W, Not Active, Not Active
2026/10/01 23:27:53.697, 0, 71, 1380 MHz, 57.81 W, Not Active, Not Active
2026/10/01 23:27:53.700, 1, 70, 1372 MHz, 199.79 W, Not Active, Not Active
2026/10/01 23:27:54.702, 0, 71, 1380 MHz, 57.67 W, Not Active, Not Active
2026/10/01 23:27:54.706, 1, 70, 1365 MHz, 257.24 W, Not Active, Not Active
2026/10/01 23:27:55.709, 0, 71, 1380 MHz, 58.04 W, Not Active, Not Active
2026/10/01 23:27:55.714, 1, 66, 1380 MHz, 56.23 W, Not Active, Not Active
2026/10/01 23:27:56.726, 0, 71, 1380 MHz, 58.14 W, Not Active, Not Active
2026/10/01 23:27:56.731, 1, 65, 1380 MHz, 54.42 W, Not Active, Not Active
2026/10/01 23:27:57.732, 0, 71, 1380 MHz, 58.04 W, Not Active, Not Active
2026/10/01 23:27:57.737, 1, 65, 1380 MHz, 54.32 W, Not Active, Not Active
2026/10/01 23:27:58.740, 0, 72, 1380 MHz, 76.51 W, Not Active, Not Active
2026/10/01 23:27:58.743, 1, 66, 1380 MHz, 110.10 W, Not Active, Not Active
2026/10/01 23:27:59.749, 0, 72, 1380 MHz, 76.60 W, Not Active, Not Active
2026/10/01 23:27:59.753, 1, 66, 1380 MHz, 111.38 W, Not Active, Not Active
2026/10/01 23:28:00.759, 0, 72, 1380 MHz, 92.96 W, Not Active, Not Active
2026/10/01 23:28:00.763, 1, 67, 1380 MHz, 104.08 W, Not Active, Not Active
2026/10/01 23:28:01.766, 0, 72, 1380 MHz, 94.84 W, Not Active, Not Active
2026/10/01 23:28:01.769, 1, 66, 1380 MHz, 127.69 W, Not Active, Not Active
2026/10/01 23:28:02.773, 0, 73, 1380 MHz, 111.86 W, Not Active, Not Active
2026/10/01 23:28:02.778, 1, 65, 1380 MHz, 55.62 W, Not Active, Not Active
2026/10/01 23:28:03.781, 0, 74, 1380 MHz, 99.25 W, Not Active, Not Active
2026/10/01 23:28:03.786, 1, 65, 1380 MHz, 55.43 W, Not Active, Not Active
2026/10/01 23:28:04.789, 0, 74, 1380 MHz, 92.98 W, Not Active, Not Active
2026/10/01 23:28:04.794, 1, 65, 1380 MHz, 55.33 W, Not Active, Not Active
2026/10/01 23:28:05.797, 0, 75, 1380 MHz, 108.66 W, Not Active, Not Active
2026/10/01 23:28:05.802, 1, 64, 1245 MHz, 47.82 W, Not Active, Not Active
2026/10/01 23:28:06.805, 0, 74, 1380 MHz, 84.74 W, Not Active, Not Active
2026/10/01 23:28:06.810, 1, 64, 1245 MHz, 47.74 W, Not Active, Not Active
2026/10/01 23:28:07.813, 0, 74, 1380 MHz, 60.46 W, Not Active, Not Active
2026/10/01 23:28:07.817, 1, 64, 1245 MHz, 47.65 W, Not Active, Not Active
2026/10/01 23:28:08.820, 0, 75, 1380 MHz, 67.01 W, Not Active, Not Active
2026/10/01 23:28:08.829, 1, 70, 1372 MHz, 201.88 W, Not Active, Not Active
2026/10/01 23:28:09.832, 0, 75, 1380 MHz, 97.95 W, Not Active, Not Active
2026/10/01 23:28:09.838, 1, 71, 1365 MHz, 224.51 W, Not Active, Not Active
2026/10/01 23:28:10.841, 0, 76, 1380 MHz, 77.31 W, Not Active, Not Active
2026/10/01 23:28:10.848, 1, 71, 1380 MHz, 171.50 W, Not Active, Not Active
2026/10/01 23:28:11.852, 0, 76, 1380 MHz, 83.11 W, Not Active, Not Active
2026/10/01 23:28:11.856, 1, 67, 1380 MHz, 57.38 W, Not Active, Not Active
2026/10/01 23:28:12.860, 0, 77, 1380 MHz, 221.66 W, Not Active, Not Active
2026/10/01 23:28:12.864, 1, 66, 1380 MHz, 56.84 W, Not Active, Not Active
2026/10/01 23:28:13.868, 0, 74, 1380 MHz, 59.45 W, Not Active, Not Active
2026/10/01 23:28:13.871, 1, 71, 1380 MHz, 247.76 W, Not Active, Not Active
2026/10/01 23:28:14.881, 0, 73, 1380 MHz, 59.20 W, Not Active, Not Active
2026/10/01 23:28:14.885, 1, 73, 1372 MHz, 226.28 W, Not Active, Not Active
2026/10/01 23:28:15.888, 0, 73, 1380 MHz, 59.05 W, Not Active, Not Active
2026/10/01 23:28:15.892, 1, 73, 1327 MHz, 245.53 W, Not Active, Not Active
2026/10/01 23:28:16.895, 0, 73, 1380 MHz, 58.82 W, Not Active, Not Active
2026/10/01 23:28:16.900, 1, 69, 1380 MHz, 59.50 W, Not Active, Not Active
2026/10/01 23:28:17.903, 0, 73, 1380 MHz, 58.82 W, Not Active, Not Active
2026/10/01 23:28:17.908, 1, 68, 1380 MHz, 58.54 W, Not Active, Not Active
2026/10/01 23:28:18.911, 0, 73, 1380 MHz, 58.72 W, Not Active, Not Active
2026/10/01 23:28:18.917, 1, 67, 1380 MHz, 58.35 W, Not Active, Not Active
2026/10/01 23:28:19.920, 0, 74, 1380 MHz, 104.04 W, Not Active, Not Active
2026/10/01 23:28:19.924, 1, 68, 1380 MHz, 120.41 W, Not Active, Not Active
2026/10/01 23:28:20.928, 0, 74, 1380 MHz, 79.20 W, Not Active, Not Active
2026/10/01 23:28:20.932, 1, 69, 1380 MHz, 104.36 W, Not Active, Not Active
2026/10/01 23:28:21.935, 0, 74, 1380 MHz, 87.58 W, Not Active, Not Active
2026/10/01 23:28:21.938, 1, 69, 1380 MHz, 115.35 W, Not Active, Not Active
2026/10/01 23:28:22.942, 0, 75, 1380 MHz, 89.90 W, Not Active, Not Active
2026/10/01 23:28:22.945, 1, 70, 1380 MHz, 134.54 W, Not Active, Not Active
2026/10/01 23:28:23.948, 0, 77, 1380 MHz, 101.83 W, Not Active, Not Active
2026/10/01 23:28:23.955, 1, 68, 1380 MHz, 58.98 W, Not Active, Not Active
2026/10/01 23:28:24.967, 0, 77, 1380 MHz, 225.63 W, Not Active, Not Active
2026/10/01 23:28:24.972, 1, 68, 1380 MHz, 58.63 W, Not Active, Not Active
2026/10/01 23:28:25.975, 0, 78, 1380 MHz, 225.92 W, Not Active, Not Active
2026/10/01 23:28:25.980, 1, 67, 1380 MHz, 58.44 W, Not Active, Not Active
2026/10/01 23:28:26.983, 0, 78, 1380 MHz, 229.03 W, Not Active, Not Active
2026/10/01 23:28:26.990, 1, 67, 1380 MHz, 58.35 W, Not Active, Not Active
2026/10/01 23:28:27.996, 0, 76, 1380 MHz, 96.64 W, Not Active, Not Active
2026/10/01 23:28:28.001, 1, 67, 1380 MHz, 58.42 W, Not Active, Not Active
2026/10/01 23:28:29.004, 0, 77, 1380 MHz, 234.59 W, Not Active, Not Active
2026/10/01 23:28:29.007, 1, 72, 1380 MHz, 246.73 W, Not Active, Not Active
2026/10/01 23:28:30.011, 0, 77, 1380 MHz, 77.11 W, Not Active, Not Active
2026/10/01 23:28:30.016, 1, 73, 1372 MHz, 217.44 W, Not Active, Not Active
2026/10/01 23:28:31.020, 0, 77, 1380 MHz, 92.39 W, Not Active, Not Active
2026/10/01 23:28:31.025, 1, 74, 1380 MHz, 207.71 W, Not Active, Not Active
2026/10/01 23:28:32.026, 0, 77, 1380 MHz, 90.53 W, Not Active, Not Active
2026/10/01 23:28:32.031, 1, 71, 1380 MHz, 59.95 W, Not Active, Not Active
2026/10/01 23:28:33.034, 0, 78, 1380 MHz, 238.87 W, Not Active, Not Active
2026/10/01 23:28:33.039, 1, 69, 1380 MHz, 58.95 W, Not Active, Not Active
2026/10/01 23:28:34.042, 0, 76, 1380 MHz, 62.29 W, Not Active, Not Active
2026/10/01 23:28:34.045, 1, 70, 1380 MHz, 216.98 W, Not Active, Not Active
2026/10/01 23:28:35.050, 0, 75, 1380 MHz, 61.51 W, Not Active, Not Active
2026/10/01 23:28:35.052, 1, 74, 1357 MHz, 203.50 W, Not Active, Not Active
2026/10/01 23:28:36.060, 0, 75, 1380 MHz, 61.15 W, Not Active, Not Active
2026/10/01 23:28:36.065, 1, 75, 1372 MHz, 204.41 W, Not Active, Not Active
2026/10/01 23:28:37.069, 0, 75, 1380 MHz, 61.10 W, Not Active, Not Active
2026/10/01 23:28:37.072, 1, 75, 1380 MHz, 176.44 W, Not Active, Not Active
2026/10/01 23:28:38.075, 0, 75, 1380 MHz, 61.48 W, Not Active, Not Active
2026/10/01 23:28:38.078, 1, 71, 1380 MHz, 60.66 W, Not Active, Not Active
2026/10/01 23:28:39.081, 0, 75, 1380 MHz, 61.50 W, Not Active, Not Active
2026/10/01 23:28:39.087, 1, 70, 1380 MHz, 57.67 W, Not Active, Not Active
2026/10/01 23:28:40.090, 0, 75, 1380 MHz, 61.50 W, Not Active, Not Active
2026/10/01 23:28:40.098, 1, 70, 1380 MHz, 57.47 W, Not Active, Not Active
2026/10/01 23:28:41.105, 0, 76, 1380 MHz, 84.44 W, Not Active, Not Active
2026/10/01 23:28:41.109, 1, 71, 1380 MHz, 135.40 W, Not Active, Not Active
2026/10/01 23:28:42.113, 0, 76, 1380 MHz, 100.28 W, Not Active, Not Active
2026/10/01 23:28:42.116, 1, 71, 1380 MHz, 106.18 W, Not Active, Not Active
2026/10/01 23:28:43.120, 0, 76, 1380 MHz, 87.41 W, Not Active, Not Active
2026/10/01 23:28:43.125, 1, 72, 1380 MHz, 125.42 W, Not Active, Not Active
2026/10/01 23:28:44.131, 0, 76, 1380 MHz, 101.49 W, Not Active, Not Active
2026/10/01 23:28:44.136, 1, 72, 1380 MHz, 106.41 W, Not Active, Not Active
2026/10/01 23:28:45.139, 0, 77, 1380 MHz, 214.96 W, Not Active, Not Active
2026/10/01 23:28:45.144, 1, 70, 1380 MHz, 58.29 W, Not Active, Not Active
2026/10/01 23:28:46.147, 0, 77, 1380 MHz, 97.55 W, Not Active, Not Active
2026/10/01 23:28:46.152, 1, 70, 1380 MHz, 58.72 W, Not Active, Not Active
2026/10/01 23:28:47.155, 0, 78, 1380 MHz, 110.76 W, Not Active, Not Active
2026/10/01 23:28:47.160, 1, 70, 1380 MHz, 58.51 W, Not Active, Not Active
2026/10/01 23:28:48.164, 0, 78, 1380 MHz, 88.41 W, Not Active, Not Active
2026/10/01 23:28:48.169, 1, 70, 1380 MHz, 58.09 W, Not Active, Not Active
2026/10/01 23:28:49.172, 0, 79, 1380 MHz, 244.31 W, Not Active, Not Active
2026/10/01 23:28:49.177, 1, 69, 1380 MHz, 58.26 W, Not Active, Not Active
2026/10/01 23:28:50.180, 0, 77, 1380 MHz, 65.56 W, Not Active, Not Active
2026/10/01 23:28:50.185, 1, 73, 1357 MHz, 214.30 W, Not Active, Not Active
2026/10/01 23:28:51.188, 0, 79, 1380 MHz, 237.87 W, Not Active, Not Active
2026/10/01 23:28:51.193, 1, 75, 1372 MHz, 201.63 W, Not Active, Not Active
2026/10/01 23:28:52.196, 0, 80, 1380 MHz, 150.81 W, Not Active, Not Active
2026/10/01 23:28:52.201, 1, 76, 1350 MHz, 206.53 W, Not Active, Not Active
2026/10/01 23:28:53.205, 0, 81, 1380 MHz, 208.77 W, Not Active, Not Active
2026/10/01 23:28:53.209, 1, 74, 1380 MHz, 62.24 W, Not Active, Not Active
2026/10/01 23:28:54.212, 0, 79, 1380 MHz, 92.22 W, Not Active, Not Active
2026/10/01 23:28:54.217, 1, 72, 1380 MHz, 60.64 W, Not Active, Not Active
2026/10/01 23:28:55.221, 0, 79, 1380 MHz, 64.09 W, Not Active, Not Active
2026/10/01 23:28:55.225, 1, 71, 1380 MHz, 60.18 W, Not Active, Not Active
2026/10/01 23:28:56.228, 0, 77, 1380 MHz, 62.46 W, Not Active, Not Active
2026/10/01 23:28:56.235, 1, 76, 1380 MHz, 264.34 W, Not Active, Not Active
2026/10/01 23:28:57.240, 0, 77, 1380 MHz, 62.11 W, Not Active, Not Active
2026/10/01 23:28:57.244, 1, 77, 1350 MHz, 210.23 W, Not Active, Not Active
2026/10/01 23:28:58.247, 0, 77, 1380 MHz, 62.23 W, Not Active, Not Active
2026/10/01 23:28:58.251, 1, 78, 1372 MHz, 183.89 W, Not Active, Not Active
2026/10/01 23:28:59.254, 0, 77, 1380 MHz, 62.64 W, Not Active, Not Active
2026/10/01 23:28:59.259, 1, 73, 1380 MHz, 61.82 W, Not Active, Not Active
2026/10/01 23:29:00.264, 0, 77, 1380 MHz, 62.54 W, Not Active, Not Active
2026/10/01 23:29:00.269, 1, 72, 1380 MHz, 61.15 W, Not Active, Not Active
2026/10/01 23:29:01.272, 0, 77, 1380 MHz, 62.44 W, Not Active, Not Active
2026/10/01 23:29:01.277, 1, 72, 1380 MHz, 60.86 W, Not Active, Not Active
2026/10/01 23:29:02.282, 0, 78, 1380 MHz, 82.64 W, Not Active, Not Active
2026/10/01 23:29:02.285, 1, 74, 1380 MHz, 131.20 W, Not Active, Not Active
2026/10/01 23:29:03.289, 0, 78, 1380 MHz, 91.47 W, Not Active, Not Active
2026/10/01 23:29:03.297, 1, 74, 1380 MHz, 122.83 W, Not Active, Not Active
2026/10/01 23:29:04.300, 0, 78, 1380 MHz, 101.92 W, Not Active, Not Active
2026/10/01 23:29:04.304, 1, 74, 1380 MHz, 115.65 W, Not Active, Not Active
2026/10/01 23:29:05.311, 0, 78, 1380 MHz, 100.42 W, Not Active, Not Active
2026/10/01 23:29:05.315, 1, 74, 1380 MHz, 113.03 W, Not Active, Not Active
2026/10/01 23:29:06.316, 0, 79, 1380 MHz, 84.06 W, Not Active, Not Active
2026/10/01 23:29:06.321, 1, 73, 1380 MHz, 61.64 W, Not Active, Not Active
2026/10/01 23:29:07.324, 0, 80, 1380 MHz, 222.86 W, Not Active, Not Active
2026/10/01 23:29:07.329, 1, 72, 1380 MHz, 61.08 W, Not Active, Not Active
2026/10/01 23:29:08.333, 0, 81, 1380 MHz, 151.16 W, Not Active, Not Active
2026/10/01 23:29:08.342, 1, 72, 1380 MHz, 61.25 W, Not Active, Not Active
2026/10/01 23:29:09.345, 0, 80, 1380 MHz, 100.07 W, Not Active, Not Active
2026/10/01 23:29:09.350, 1, 72, 1380 MHz, 61.03 W, Not Active, Not Active
2026/10/01 23:29:10.353, 0, 80, 1380 MHz, 89.46 W, Not Active, Not Active
2026/10/01 23:29:10.358, 1, 72, 1380 MHz, 61.03 W, Not Active, Not Active
2026/10/01 23:29:11.361, 0, 79, 1380 MHz, 63.57 W, Not Active, Not Active
2026/10/01 23:29:11.368, 1, 74, 1350 MHz, 247.59 W, Not Active, Not Active
2026/10/01 23:29:12.371, 0, 80, 1380 MHz, 92.86 W, Not Active, Not Active
2026/10/01 23:29:12.379, 1, 78, 1380 MHz, 205.04 W, Not Active, Not Active
2026/10/01 23:29:13.383, 0, 80, 1380 MHz, 84.94 W, Not Active, Not Active
2026/10/01 23:29:13.390, 1, 78, 1372 MHz, 204.41 W, Not Active, Not Active
2026/10/01 23:29:14.393, 0, 81, 1380 MHz, 93.39 W, Not Active, Not Active
2026/10/01 23:29:14.398, 1, 77, 1380 MHz, 70.08 W, Not Active, Not Active
2026/10/01 23:29:15.401, 0, 81, 1380 MHz, 88.92 W, Not Active, Not Active
2026/10/01 23:29:15.410, 1, 74, 1380 MHz, 62.25 W, Not Active, Not Active
2026/10/01 23:29:16.413, 0, 81, 1380 MHz, 71.96 W, Not Active, Not Active
2026/10/01 23:29:16.421, 1, 73, 1380 MHz, 61.90 W, Not Active, Not Active
2026/10/01 23:29:17.424, 0, 83, 1357 MHz, 222.74 W, Not Active, Not Active
2026/10/01 23:29:17.433, 1, 78, 1357 MHz, 207.16 W, Not Active, Not Active
2026/10/01 23:29:18.435, 0, 81, 1327 MHz, 88.60 W, Not Active, Not Active
2026/10/01 23:29:18.438, 1, 79, 1342 MHz, 204.21 W, Not Active, Not Active
2026/10/01 23:29:19.442, 0, 81, 1357 MHz, 113.81 W, Not Active, Not Active
2026/10/01 23:29:19.447, 1, 80, 1342 MHz, 203.40 W, Not Active, Not Active
2026/10/01 23:29:20.450, 0, 81, 1372 MHz, 151.19 W, Not Active, Not Active
2026/10/01 23:29:20.455, 1, 76, 1380 MHz, 64.69 W, Not Active, Not Active
2026/10/01 23:29:21.459, 0, 81, 1245 MHz, 81.08 W, Not Active, Not Active
2026/10/01 23:29:21.467, 1, 75, 1380 MHz, 63.63 W, Not Active, Not Active
2026/10/01 23:29:22.468, 0, 80, 1380 MHz, 64.40 W, Not Active, Not Active
2026/10/01 23:29:22.473, 1, 78, 1357 MHz, 226.14 W, Not Active, Not Active
2026/10/01 23:29:23.476, 0, 82, 1245 MHz, 82.97 W, Not Active, Not Active
2026/10/01 23:29:23.485, 1, 80, 1342 MHz, 257.11 W, Not Active, Not Active
2026/10/01 23:29:24.491, 0, 82, 1282 MHz, 80.66 W, Not Active, Not Active
2026/10/01 23:29:24.498, 1, 81, 1350 MHz, 207.47 W, Not Active, Not Active
2026/10/01 23:29:25.501, 0, 82, 1245 MHz, 92.83 W, Not Active, Not Active
2026/10/01 23:29:25.511, 1, 79, 1380 MHz, 66.40 W, Not Active, Not Active
2026/10/01 23:29:26.514, 0, 82, 1380 MHz, 94.22 W, Not Active, Not Active
2026/10/01 23:29:26.519, 1, 76, 1380 MHz, 63.99 W, Not Active, Not Active
2026/10/01 23:29:27.522, 0, 81, 1380 MHz, 65.63 W, Not Active, Not Active
2026/10/01 23:29:27.526, 1, 76, 1380 MHz, 64.29 W, Not Active, Not Active
2026/10/01 23:29:28.532, 0, 80, 1380 MHz, 64.38 W, Not Active, Not Active
2026/10/01 23:29:28.535, 1, 81, 1372 MHz, 235.55 W, Not Active, Not Active
2026/10/01 23:29:29.539, 0, 80, 1380 MHz, 64.30 W, Not Active, Not Active
2026/10/01 23:29:29.544, 1, 82, 1342 MHz, 202.41 W, Not Active, Not Active
2026/10/01 23:29:30.547, 0, 80, 1245 MHz, 56.94 W, Not Active, Not Active
2026/10/01 23:29:30.551, 1, 83, 1320 MHz, 200.27 W, Not Active, Not Active
2026/10/01 23:29:31.555, 0, 80, 1380 MHz, 64.38 W, Not Active, Not Active
2026/10/01 23:29:31.560, 1, 78, 1380 MHz, 65.64 W, Not Active, Not Active
2026/10/01 23:29:32.563, 0, 80, 1380 MHz, 64.47 W, Not Active, Not Active
2026/10/01 23:29:32.569, 1, 77, 1380 MHz, 64.78 W, Not Active, Not Active
2026/10/01 23:29:33.574, 0, 80, 1380 MHz, 64.38 W, Not Active, Not Active
2026/10/01 23:29:33.579, 1, 77, 1380 MHz, 64.39 W, Not Active, Not Active
2026/10/01 23:29:34.583, 0, 81, 1380 MHz, 107.95 W, Not Active, Not Active
2026/10/01 23:29:34.587, 1, 78, 1380 MHz, 138.85 W, Not Active, Not Active
2026/10/01 23:29:35.591, 0, 81, 1380 MHz, 99.59 W, Not Active, Not Active
2026/10/01 23:29:35.594, 1, 78, 1380 MHz, 119.87 W, Not Active, Not Active
2026/10/01 23:29:36.597, 0, 81, 1380 MHz, 84.25 W, Not Active, Not Active
2026/10/01 23:29:36.601, 1, 79, 1380 MHz, 132.21 W, Not Active, Not Active
2026/10/01 23:29:37.605, 0, 81, 1380 MHz, 83.45 W, Not Active, Not Active
2026/10/01 23:29:37.608, 1, 79, 1380 MHz, 136.74 W, Not Active, Not Active
2026/10/01 23:29:38.612, 0, 82, 1357 MHz, 183.95 W, Not Active, Not Active
2026/10/01 23:29:38.618, 1, 77, 1380 MHz, 65.42 W, Not Active, Not Active
2026/10/01 23:29:39.620, 0, 83, 1365 MHz, 199.33 W, Not Active, Not Active
2026/10/01 23:29:39.629, 1, 77, 1380 MHz, 64.88 W, Not Active, Not Active
2026/10/01 23:29:40.635, 0, 82, 930 MHz, 75.72 W, Not Active, Not Active
2026/10/01 23:29:40.654, 1, 76, 1380 MHz, 64.71 W, Not Active, Not Active
2026/10/01 23:29:41.658, 0, 83, 1320 MHz, 104.52 W, Not Active, Not Active
2026/10/01 23:29:41.665, 1, 76, 1245 MHz, 54.93 W, Not Active, Not Active
2026/10/01 23:29:42.668, 0, 81, 1245 MHz, 72.18 W, Not Active, Not Active
2026/10/01 23:29:42.676, 1, 76, 1245 MHz, 54.67 W, Not Active, Not Active
2026/10/01 23:29:43.682, 0, 81, 1372 MHz, 60.36 W, Not Active, Not Active
2026/10/01 23:29:43.683, 1, 75, 1245 MHz, 54.70 W, Not Active, Not Active
2026/10/01 23:29:44.685, 0, 82, 930 MHz, 117.64 W, Active, Not Active
2026/10/01 23:29:44.710, 1, 81, 1357 MHz, 210.63 W, Not Active, Not Active
2026/10/01 23:29:45.713, 0, 82, 1192 MHz, 123.14 W, Not Active, Not Active
2026/10/01 23:29:45.718, 1, 82, 1305 MHz, 200.33 W, Not Active, Not Active
2026/10/01 23:29:46.723, 0, 83, 1245 MHz, 74.64 W, Not Active, Not Active
2026/10/01 23:29:46.735, 1, 82, 1245 MHz, 148.79 W, Not Active, Not Active
2026/10/01 23:29:47.739, 0, 82, 337 MHz, 61.79 W, Not Active, Not Active
2026/10/01 23:29:47.744, 1, 78, 1380 MHz, 64.58 W, Not Active, Not Active
2026/10/01 23:29:48.747, 0, 81, 817 MHz, 135.57 W, Active, Not Active
2026/10/01 23:29:48.818, 1, 77, 1380 MHz, 63.85 W, Not Active, Not Active
2026/10/01 23:29:49.824, 0, 81, 1380 MHz, 65.54 W, Not Active, Not Active
2026/10/01 23:29:49.831, 1, 81, 1365 MHz, 217.88 W, Not Active, Not Active
2026/10/01 23:29:50.838, 0, 83, 1012 MHz, 141.14 W, Active, Not Active
2026/10/01 23:29:50.870, 1, 83, 1312 MHz, 188.15 W, Not Active, Not Active
2026/10/01 23:29:51.906, 0, 82, 525 MHz, 60.69 W, Active, Not Active
2026/10/01 23:29:51.928, 1, 83, 1192 MHz, 167.59 W, Not Active, Not Active
2026/10/01 23:29:52.941, 0, 81, 502 MHz, 81.50 W, Not Active, Not Active
2026/10/01 23:29:52.971, 1, 82, 1342 MHz, 170.18 W, Not Active, Not Active
2026/10/01 23:29:53.975, 0, 82, 562 MHz, 65.44 W, Not Active, Not Active
2026/10/01 23:29:53.989, 1, 79, 1350 MHz, 63.06 W, Not Active, Not Active
2026/10/01 23:29:54.993, 0, 82, 577 MHz, 83.16 W, Not Active, Not Active
2026/10/01 23:29:55.053, 1, 78, 1350 MHz, 62.54 W, Not Active, Not Active
2026/10/01 23:29:56.060, 0, 82, 750 MHz, 122.71 W, Active, Not Active
2026/10/01 23:29:56.074, 1, 83, 1342 MHz, 206.35 W, Not Active, Not Active
2026/10/01 23:29:57.080, 0, 82, 1245 MHz, 71.40 W, Active, Not Active
2026/10/01 23:29:57.111, 1, 83, 1147 MHz, 202.65 W, Active, Not Active
2026/10/01 23:29:58.115, 0, 82, 1245 MHz, 87.01 W, Not Active, Not Active
2026/10/01 23:29:58.124, 1, 81, 967 MHz, 122.15 W, Not Active, Not Active
2026/10/01 23:29:59.128, 0, 82, 742 MHz, 62.08 W, Not Active, Not Active
2026/10/01 23:29:59.162, 1, 81, 1245 MHz, 64.40 W, Not Active, Not Active
2026/10/01 23:30:00.166, 0, 83, 802 MHz, 72.55 W, Not Active, Not Active
2026/10/01 23:30:00.173, 1, 79, 1245 MHz, 58.71 W, Not Active, Not Active
2026/10/01 23:30:01.177, 0, 82, 1380 MHz, 65.86 W, Not Active, Not Active
2026/10/01 23:30:01.180, 1, 82, 1327 MHz, 203.39 W, Not Active, Not Active
2026/10/01 23:30:02.185, 0, 81, 1380 MHz, 65.55 W, Not Active, Not Active
2026/10/01 23:30:02.195, 1, 83, 1080 MHz, 170.40 W, Active, Not Active
2026/10/01 23:30:03.198, 0, 81, 1380 MHz, 65.42 W, Not Active, Not Active
2026/10/01 23:30:03.199, 1, 82, 1072 MHz, 158.71 W, Active, Not Active
2026/10/01 23:30:04.220, 0, 81, 1380 MHz, 65.35 W, Not Active, Not Active
2026/10/01 23:30:04.224, 1, 82, 1072 MHz, 169.67 W, Active, Not Active
2026/10/01 23:30:05.238, 0, 81, 1380 MHz, 65.73 W, Not Active, Not Active
2026/10/01 23:30:05.243, 1, 80, 1245 MHz, 58.54 W, Not Active, Not Active
2026/10/01 23:30:06.249, 0, 81, 1380 MHz, 65.63 W, Not Active, Not Active
2026/10/01 23:30:06.254, 1, 79, 1245 MHz, 57.67 W, Not Active, Not Active
2026/10/01 23:30:07.258, 0, 81, 1380 MHz, 65.73 W, Not Active, Not Active
2026/10/01 23:30:07.263, 1, 79, 1380 MHz, 64.97 W, Not Active, Not Active
2026/10/01 23:30:08.266, 0, 82, 1380 MHz, 109.08 W, Not Active, Not Active
2026/10/01 23:30:08.269, 1, 80, 1380 MHz, 116.80 W, Not Active, Not Active
2026/10/01 23:30:09.273, 0, 82, 1380 MHz, 84.48 W, Not Active, Not Active
2026/10/01 23:30:09.276, 1, 81, 1380 MHz, 149.08 W, Not Active, Not Active
2026/10/01 23:30:10.279, 0, 82, 1380 MHz, 144.70 W, Not Active, Not Active
2026/10/01 23:30:10.283, 1, 81, 1380 MHz, 81.87 W, Not Active, Not Active
2026/10/01 23:30:11.288, 0, 82, 1297 MHz, 81.00 W, Not Active, Not Active
2026/10/01 23:30:11.292, 1, 82, 1380 MHz, 114.03 W, Not Active, Not Active
2026/10/01 23:30:12.295, 0, 83, 607 MHz, 68.61 W, Not Active, Not Active
2026/10/01 23:30:12.357, 1, 80, 1380 MHz, 66.70 W, Not Active, Not Active
2026/10/01 23:30:13.360, 0, 84, 1215 MHz, 167.73 W, Active, Not Active
2026/10/01 23:30:13.375, 1, 79, 1380 MHz, 66.36 W, Not Active, Not Active
2026/10/01 23:30:14.379, 0, 81, 225 MHz, 54.76 W, Not Active, Not Active
2026/10/01 23:30:14.409, 1, 79, 1380 MHz, 66.05 W, Not Active, Not Active
2026/10/01 23:30:15.412, 0, 82, 720 MHz, 103.54 W, Active, Not Active
2026/10/01 23:30:15.468, 1, 79, 1380 MHz, 66.01 W, Not Active, Not Active
2026/10/01 23:30:16.469, 0, 82, 1245 MHz, 80.36 W, Not Active, Not Active
2026/10/01 23:30:16.481, 1, 79, 1380 MHz, 65.68 W, Not Active, Not Active
2026/10/01 23:30:17.484, 0, 84, 1320 MHz, 88.36 W, Not Active, Not Active
2026/10/01 23:30:17.492, 1, 79, 1380 MHz, 65.73 W, Not Active, Not Active
2026/10/01 23:30:18.497, 0, 82, 285 MHz, 78.21 W, Active, Not Active
2026/10/01 23:30:18.526, 1, 83, 1312 MHz, 201.92 W, Not Active, Not Active
2026/10/01 23:30:19.535, 0, 81, 472 MHz, 65.53 W, Not Active, Not Active
2026/10/01 23:30:19.572, 1, 82, 1065 MHz, 150.49 W, Not Active, Not Active
2026/10/01 23:30:20.586, 0, 83, 630 MHz, 116.56 W, Not Active, Not Active
2026/10/01 23:30:20.663, 1, 82, 907 MHz, 125.18 W, Not Active, Not Active
2026/10/01 23:30:21.701, 0, 82, 555 MHz, 89.10 W, Active, Not Active
2026/10/01 23:30:21.723, 1, 81, 1312 MHz, 62.16 W, Not Active, Not Active
2026/10/01 23:30:22.727, 0, 82, 682 MHz, 130.60 W, Active, Not Active
2026/10/01 23:30:22.817, 1, 79, 1312 MHz, 61.28 W, Not Active, Not Active
2026/10/01 23:30:23.821, 0, 83, 1102 MHz, 153.70 W, Not Active, Not Active
2026/10/01 23:30:23.877, 1, 79, 1312 MHz, 60.89 W, Not Active, Not Active
2026/10/01 23:30:24.880, 0, 82, 465 MHz, 62.61 W, Active, Not Active
2026/10/01 23:30:24.899, 1, 83, 1252 MHz, 195.17 W, Active, Not Active
2026/10/01 23:30:25.902, 0, 82, 382 MHz, 67.52 W, Not Active, Not Active
2026/10/01 23:30:25.936, 1, 82, 832 MHz, 118.00 W, Not Active, Not Active
2026/10/01 23:30:27.015, 0, 83, 1140 MHz, 140.08 W, Not Active, Not Active
2026/10/01 23:30:27.032, 1, 82, 1035 MHz, 167.81 W, Not Active, Not Active
2026/10/01 23:30:28.065, 0, 82, 225 MHz, 53.04 W, Active, Not Active
2026/10/01 23:30:28.099, 1, 81, 1245 MHz, 59.50 W, Not Active, Not Active
2026/10/01 23:30:29.106, 0, 81, 412 MHz, 74.81 W, Active, Not Active
2026/10/01 23:30:29.111, 1, 80, 1335 MHz, 62.94 W, Not Active, Not Active
2026/10/01 23:30:30.113, 0, 82, 667 MHz, 118.49 W, Active, Not Active
2026/10/01 23:30:30.130, 1, 80, 1335 MHz, 62.34 W, Not Active, Not Active
2026/10/01 23:30:31.134, 0, 83, 547 MHz, 106.76 W, Active, Not Active
2026/10/01 23:30:31.169, 1, 79, 1335 MHz, 62.15 W, Not Active, Not Active
2026/10/01 23:30:32.173, 0, 82, 525 MHz, 118.25 W, Active, Not Active
2026/10/01 23:30:32.194, 1, 83, 1312 MHz, 201.08 W, Not Active, Not Active
2026/10/01 23:30:33.200, 0, 81, 412 MHz, 61.40 W, Not Active, Not Active
2026/10/01 23:30:33.204, 1, 82, 1012 MHz, 146.62 W, Not Active, Not Active
2026/10/01 23:30:34.251, 0, 82, 1245 MHz, 77.61 W, Not Active, Not Active
2026/10/01 23:30:34.262, 1, 82, 960 MHz, 123.38 W, Not Active, Not Active
2026/10/01 23:30:35.274, 0, 82, 270 MHz, 64.86 W, Active, Not Active
2026/10/01 23:30:35.307, 1, 83, 1222 MHz, 140.69 W, Not Active, Not Active
2026/10/01 23:30:36.311, 0, 81, 390 MHz, 63.80 W, Not Active, Not Active
2026/10/01 23:30:36.347, 1, 81, 1320 MHz, 62.40 W, Not Active, Not Active
2026/10/01 23:30:37.355, 0, 82, 772 MHz, 137.80 W, Active, Not Active
2026/10/01 23:30:37.406, 1, 80, 1320 MHz, 61.86 W, Not Active, Not Active
2026/10/01 23:30:38.409, 0, 82, 547 MHz, 82.99 W, Not Active, Not Active
2026/10/01 23:30:38.464, 1, 80, 1320 MHz, 61.61 W, Not Active, Not Active
2026/10/01 23:30:39.467, 0, 82, 1372 MHz, 65.80 W, Not Active, Not Active
2026/10/01 23:30:39.471, 1, 83, 982 MHz, 144.20 W, Active, Not Active
2026/10/01 23:30:40.498, 0, 82, 1372 MHz, 65.65 W, Not Active, Not Active
2026/10/01 23:30:40.513, 1, 83, 765 MHz, 108.87 W, Not Active, Not Active
2026/10/01 23:30:41.563, 0, 81, 1245 MHz, 58.08 W, Not Active, Not Active
2026/10/01 23:30:41.566, 1, 83, 750 MHz, 121.27 W, Active, Not Active
2026/10/01 23:30:42.574, 0, 81, 1245 MHz, 58.17 W, Not Active, Not Active
2026/10/01 23:30:42.589, 1, 82, 840 MHz, 141.82 W, Active, Not Active
2026/10/01 23:30:43.635, 0, 81, 1245 MHz, 57.94 W, Not Active, Not Active
2026/10/01 23:30:43.645, 1, 81, 1357 MHz, 63.16 W, Not Active, Not Active
2026/10/01 23:30:44.656, 0, 81, 1380 MHz, 65.82 W, Not Active, Not Active
2026/10/01 23:30:44.661, 1, 80, 1357 MHz, 64.78 W, Not Active, Not Active
2026/10/01 23:30:45.665, 0, 81, 1380 MHz, 65.72 W, Not Active, Not Active
2026/10/01 23:30:45.670, 1, 80, 1357 MHz, 67.38 W, Not Active, Not Active
2026/10/01 23:30:46.673, 0, 82, 1380 MHz, 88.57 W, Not Active, Not Active
2026/10/01 23:30:46.677, 1, 81, 1380 MHz, 132.53 W, Not Active, Not Active
2026/10/01 23:30:47.681, 0, 82, 1312 MHz, 81.38 W, Not Active, Not Active
2026/10/01 23:30:47.684, 1, 82, 1380 MHz, 143.66 W, Not Active, Not Active
2026/10/01 23:30:48.688, 0, 82, 1267 MHz, 84.46 W, Not Active, Not Active
2026/10/01 23:30:48.691, 1, 82, 1380 MHz, 107.70 W, Not Active, Not Active
2026/10/01 23:30:49.694, 0, 82, 1282 MHz, 71.84 W, Not Active, Not Active
2026/10/01 23:30:49.698, 1, 82, 1380 MHz, 131.78 W, Not Active, Not Active
2026/10/01 23:30:50.701, 0, 81, 1245 MHz, 57.36 W, Not Active, Not Active
2026/10/01 23:30:50.705, 1, 81, 1327 MHz, 62.79 W, Not Active, Not Active
2026/10/01 23:30:51.708, 0, 81, 1245 MHz, 57.08 W, Not Active, Not Active
2026/10/01 23:30:51.713, 1, 80, 1327 MHz, 62.31 W, Not Active, Not Active
2026/10/01 23:30:52.717, 0, 81, 1245 MHz, 56.98 W, Not Active, Not Active
2026/10/01 23:30:52.720, 1, 80, 1327 MHz, 62.02 W, Not Active, Not Active
2026/10/01 23:30:53.724, 0, 81, 1245 MHz, 56.89 W, Not Active, Not Active
2026/10/01 23:30:53.728, 1, 80, 1327 MHz, 61.82 W, Not Active, Not Active
2026/10/01 23:30:54.731, 0, 81, 1245 MHz, 56.79 W, Not Active, Not Active
2026/10/01 23:30:54.734, 1, 80, 1327 MHz, 62.31 W, Not Active, Not Active
2026/10/01 23:30:55.738, 0, 81, 1245 MHz, 56.79 W, Not Active, Not Active
2026/10/01 23:30:55.743, 1, 79, 1327 MHz, 62.21 W, Not Active, Not Active
2026/10/01 23:30:56.747, 0, 80, 1245 MHz, 56.60 W, Not Active, Not Active
2026/10/01 23:30:56.748, 1, 79, 1327 MHz, 62.11 W, Not Active, Not Active
2026/10/01 23:30:57.751, 0, 80, 1245 MHz, 56.60 W, Not Active, Not Active
2026/10/01 23:30:57.757, 1, 79, 1327 MHz, 62.11 W, Not Active, Not Active
2026/10/01 23:30:58.760, 0, 80, 1245 MHz, 56.50 W, Not Active, Not Active
2026/10/01 23:30:58.764, 1, 79, 1327 MHz, 61.92 W, Not Active, Not Active
2026/10/01 23:30:59.768, 0, 80, 1245 MHz, 56.40 W, Not Active, Not Active
2026/10/01 23:30:59.774, 1, 79, 1327 MHz, 61.92 W, Not Active, Not Active
2026/10/01 23:31:00.778, 0, 80, 1245 MHz, 56.40 W, Not Active, Not Active
2026/10/01 23:31:00.786, 1, 79, 1327 MHz, 61.82 W, Not Active, Not Active
2026/10/01 23:31:01.787, 0, 80, 1245 MHz, 56.40 W, Not Active, Not Active
2026/10/01 23:31:01.791, 1, 79, 1327 MHz, 61.63 W, Not Active, Not Active
2026/10/01 23:31:02.797, 0, 80, 1245 MHz, 56.31 W, Not Active, Not Active
2026/10/01 23:31:02.800, 1, 79, 1327 MHz, 61.63 W, Not Active, Not Active
2026/10/01 23:31:03.803, 0, 80, 1245 MHz, 56.21 W, Not Active, Not Active
2026/10/01 23:31:03.808, 1, 78, 1327 MHz, 61.53 W, Not Active, Not Active
2026/10/01 23:31:04.811, 0, 80, 1245 MHz, 56.21 W, Not Active, Not Active
2026/10/01 23:31:04.815, 1, 78, 1327 MHz, 61.34 W, Not Active, Not Active
2026/10/01 23:31:05.818, 0, 80, 1245 MHz, 56.01 W, Not Active, Not Active
2026/10/01 23:31:05.822, 1, 78, 1327 MHz, 61.34 W, Not Active, Not Active
2026/10/01 23:31:06.827, 0, 80, 1245 MHz, 56.01 W, Not Active, Not Active
2026/10/01 23:31:06.830, 1, 78, 1327 MHz, 61.24 W, Not Active, Not Active
2026/10/01 23:31:07.834, 0, 80, 1245 MHz, 56.01 W, Not Active, Not Active
2026/10/01 23:31:07.840, 1, 78, 1327 MHz, 61.24 W, Not Active, Not Active
2026/10/01 23:31:08.843, 0, 79, 1245 MHz, 55.92 W, Not Active, Not Active
2026/10/01 23:31:08.847, 1, 78, 1327 MHz, 61.05 W, Not Active, Not Active
2026/10/01 23:31:09.850, 0, 79, 1245 MHz, 55.92 W, Not Active, Not Active
2026/10/01 23:31:09.853, 1, 78, 1327 MHz, 60.95 W, Not Active, Not Active
2026/10/01 23:31:10.857, 0, 79, 1245 MHz, 55.82 W, Not Active, Not Active
2026/10/01 23:31:10.860, 1, 78, 1327 MHz, 60.86 W, Not Active, Not Active
2026/10/01 23:31:11.864, 0, 79, 1245 MHz, 55.82 W, Not Active, Not Active
2026/10/01 23:31:11.867, 1, 78, 1327 MHz, 60.86 W, Not Active, Not Active
2026/10/01 23:31:12.871, 0, 79, 1245 MHz, 55.73 W, Not Active, Not Active
2026/10/01 23:31:12.875, 1, 78, 1327 MHz, 60.76 W, Not Active, Not Active
2026/10/01 23:31:13.878, 0, 79, 1245 MHz, 55.63 W, Not Active, Not Active
2026/10/01 23:31:13.882, 1, 77, 1327 MHz, 60.66 W, Not Active, Not Active
2026/10/01 23:31:14.888, 0, 79, 1245 MHz, 55.64 W, Not Active, Not Active
2026/10/01 23:31:14.891, 1, 77, 1327 MHz, 60.66 W, Not Active, Not Active
2026/10/01 23:31:15.895, 0, 79, 1245 MHz, 55.53 W, Not Active, Not Active
2026/10/01 23:31:15.898, 1, 77, 1327 MHz, 60.47 W, Not Active, Not Active
2026/10/01 23:31:16.906, 0, 79, 1245 MHz, 55.44 W, Not Active, Not Active
2026/10/01 23:31:16.910, 1, 77, 1327 MHz, 60.37 W, Not Active, Not Active
2026/10/01 23:31:17.918, 0, 79, 1245 MHz, 55.44 W, Not Active, Not Active
2026/10/01 23:31:17.919, 1, 77, 1245 MHz, 55.58 W, Not Active, Not Active
2026/10/01 23:31:18.922, 0, 79, 1245 MHz, 55.46 W, Not Active, Not Active
2026/10/01 23:31:18.924, 1, 77, 1245 MHz, 55.48 W, Not Active, Not Active
2026/10/01 23:31:19.928, 0, 79, 1245 MHz, 55.35 W, Not Active, Not Active
2026/10/01 23:31:19.930, 1, 77, 1245 MHz, 55.48 W, Not Active, Not Active
2026/10/01 23:31:20.933, 0, 79, 1245 MHz, 55.37 W, Not Active, Not Active
2026/10/01 23:31:20.937, 1, 77, 1245 MHz, 55.38 W, Not Active, Not Active
2026/10/01 23:31:21.940, 0, 79, 1245 MHz, 55.35 W, Not Active, Not Active
2026/10/01 23:31:21.944, 1, 76, 1245 MHz, 55.19 W, Not Active, Not Active
2026/10/01 23:31:22.947, 0, 79, 1245 MHz, 55.27 W, Not Active, Not Active
2026/10/01 23:31:22.951, 1, 76, 1245 MHz, 55.10 W, Not Active, Not Active
2026/10/01 23:31:23.959, 0, 79, 1245 MHz, 55.17 W, Not Active, Not Active
2026/10/01 23:31:23.961, 1, 76, 1245 MHz, 55.10 W, Not Active, Not Active
2026/10/01 23:31:24.964, 0, 78, 1245 MHz, 55.17 W, Not Active, Not Active
2026/10/01 23:31:24.966, 1, 76, 1245 MHz, 55.00 W, Not Active, Not Active
2026/10/01 23:31:25.970, 0, 78, 1245 MHz, 55.06 W, Not Active, Not Active
2026/10/01 23:31:25.973, 1, 76, 1245 MHz, 55.00 W, Not Active, Not Active
2026/10/01 23:31:26.976, 0, 78, 1245 MHz, 55.08 W, Not Active, Not Active
2026/10/01 23:31:26.980, 1, 76, 1245 MHz, 54.90 W, Not Active, Not Active
2026/10/01 23:31:27.983, 0, 78, 1245 MHz, 54.98 W, Not Active, Not Active
2026/10/01 23:31:27.987, 1, 76, 1245 MHz, 54.81 W, Not Active, Not Active
2026/10/01 23:31:28.992, 0, 78, 1245 MHz, 54.97 W, Not Active, Not Active
2026/10/01 23:31:28.995, 1, 76, 1245 MHz, 54.71 W, Not Active, Not Active
2026/10/01 23:31:29.999, 0, 78, 1245 MHz, 54.97 W, Not Active, Not Active
2026/10/01 23:31:30.003, 1, 76, 1245 MHz, 54.71 W, Not Active, Not Active
2026/10/01 23:31:31.007, 0, 78, 1245 MHz, 54.88 W, Not Active, Not Active
2026/10/01 23:31:31.009, 1, 76, 1245 MHz, 54.61 W, Not Active, Not Active
2026/10/01 23:31:32.013, 0, 78, 1245 MHz, 54.86 W, Not Active, Not Active
2026/10/01 23:31:32.014, 1, 75, 1245 MHz, 54.51 W, Not Active, Not Active
2026/10/01 23:31:33.017, 0, 78, 1245 MHz, 54.79 W, Not Active, Not Active
2026/10/01 23:31:33.021, 1, 75, 1245 MHz, 54.42 W, Not Active, Not Active
2026/10/01 23:31:34.024, 0, 78, 1245 MHz, 54.69 W, Not Active, Not Active
2026/10/01 23:31:34.028, 1, 75, 1245 MHz, 54.42 W, Not Active, Not Active
2026/10/01 23:31:35.033, 0, 78, 1245 MHz, 54.58 W, Not Active, Not Active
2026/10/01 23:31:35.037, 1, 75, 1245 MHz, 54.22 W, Not Active, Not Active
2026/10/01 23:31:36.040, 0, 78, 1245 MHz, 54.59 W, Not Active, Not Active
2026/10/01 23:31:36.045, 1, 75, 1245 MHz, 54.13 W, Not Active, Not Active
