unix,mem_used_mib,util_gpu,pcie_gen,pcie_width,power_w
1791137625,31493, 0, 1, 16, 9.47
1791137630,31493, 100, 4, 16, 101.81
1791137635,31493, 0, 4, 16, 80.42
1791137640,31493, 0, 4, 16, 112.67
1791137646,31493, 0, 4, 16, 216.06
1791137651,31493, 100, 4, 16, 394.25
1791137656,31493, 99, 4, 16, 331.70
1791137661,31493, 100, 4, 16, 202.98
1791137666,31493, 97, 4, 16, 313.43
1791137671,31493, 100, 4, 16, 148.66
1791137676,31493, 99, 4, 16, 336.30
1791137681,31493, 0, 4, 16, 59.70
1791137686,31493, 100, 4, 16, 388.17
1791137691,31493, 100, 4, 16, 387.95
1791137696,31493, 100, 4, 16, 407.60
1791137701,31493, 100, 4, 16, 399.75
1791137706,31493, 98, 4, 16, 329.40
1791137711,31493, 0, 4, 16, 33.73
1791137716,31493, 100, 4, 16, 396.24
1791137722,31493, 100, 4, 16, 397.71
1791137727,31493, 100, 4, 16, 403.80
1791137732,31493, 100, 4, 16, 391.60
1791137737,31493, 0, 4, 16, 106.59
1791137742,31493, 100, 4, 16, 51.68
1791137747,31493, 100, 4, 16, 407.03
1791137752,31493, 100, 4, 16, 389.82
1791137757,31493, 100, 4, 16, 415.06
1791137762,31493, 100, 4, 16, 367.75
1791137767,31493, 0, 4, 16, 87.97
1791137772,31493, 0, 4, 16, 34.32
1791137777,31493, 100, 4, 16, 394.55
1791137782,31493, 100, 4, 16, 387.34
1791137787,31493, 100, 4, 16, 391.15
1791137792,31493, 100, 4, 16, 405.68
1791137797,31493, 100, 4, 16, 401.13
1791137802,31493, 100, 4, 16, 400.86
1791137808,31493, 100, 4, 16, 391.72
1791137813,31493, 100, 4, 16, 401.13
1791137818,31493, 100, 4, 16, 412.49
1791137823,31493, 0, 4, 16, 118.98
1791137828,31493, 0, 4, 16, 35.35
1791137833,31493, 100, 4, 16, 396.48
1791137838,31493, 100, 4, 16, 402.99
1791137843,31493, 100, 4, 16, 400.33
1791137848,31493, 100, 4, 16, 414.48
1791137853,31493, 100, 4, 16, 392.01
1791137858,31493, 100, 4, 16, 410.36
1791137863,31493, 100, 4, 16, 398.77
1791137868,31493, 100, 4, 16, 391.93
1791137873,31493, 100, 4, 16, 400.39
1791137878,31493, 99, 4, 16, 321.52
1791137883,31493, 0, 4, 16, 38.58
1791137888,31493, 9, 1, 16, 21.67
1791137893,31493, 91, 4, 16, 389.01
1791137898,31493, 100, 4, 16, 407.71
1791137904,31493, 100, 4, 16, 401.24
1791137909,31493, 100, 4, 16, 399.78
1791137914,31493, 100, 4, 16, 397.77
1791137919,31493, 100, 4, 16, 407.73
1791137924,31493, 100, 4, 16, 399.86
1791137929,31493, 100, 4, 16, 393.39
1791137934,31493, 100, 4, 16, 399.08
