unix,power_w,sm_mhz,temp_c,util_pct,mem_mib,pcie_gen,pcie_width,cpu_busy_pct
1791479545.3,86.8,2407.0,53.0,0.0,2.0,5.0,16.0,5.4
1791479547.4,153.3,2925.0,54.0,0.0,3725.0,5.0,16.0,2.3
1791479549.4,108.3,2467.0,53.0,2.0,31167.0,5.0,16.0,3.3
1791479551.4,88.6,2407.0,52.0,13.0,31167.0,5.0,16.0,3.2
1791479553.4,87.9,2407.0,52.0,0.0,31167.0,5.0,16.0,3.2
1791479555.4,84.2,2407.0,51.0,0.0,31167.0,5.0,16.0,3.2
1791479557.4,84.3,2407.0,51.0,0.0,31167.0,5.0,16.0,3.2
1791479559.5,84.1,2407.0,51.0,0.0,31167.0,5.0,16.0,3.2
1791479561.5,84.6,2407.0,51.0,48.0,31263.0,5.0,16.0,3.8
1791479563.5,83.2,2407.0,50.0,0.0,31263.0,5.0,16.0,2.5
1791479565.5,83.3,2407.0,50.0,0.0,31263.0,5.0,16.0,3.0
1791479567.7,82.5,2407.0,50.0,0.0,31263.0,5.0,16.0,3.8
1791479570.2,82.5,2407.0,50.0,0.0,31263.0,5.0,16.0,7.8
1791479572.2,42.3,367.0,48.0,0.0,31263.0,1.0,16.0,6.6
1791479574.3,24.4,195.0,48.0,0.0,31263.0,1.0,16.0,7.0
1791479576.3,83.2,2542.0,49.0,0.0,31985.0,5.0,16.0,5.9
1791479578.3,81.2,2407.0,49.0,0.0,31985.0,5.0,16.0,3.2
1791479580.3,296.8,2880.0,57.0,80.0,32039.0,5.0,16.0,18.0
1791479582.4,347.4,2857.0,61.0,100.0,32051.0,5.0,16.0,7.0
1791479584.4,409.9,2850.0,63.0,99.0,32051.0,5.0,16.0,6.4
1791479586.4,424.1,2835.0,63.0,95.0,32051.0,5.0,16.0,6.3
1791479588.4,261.7,2895.0,57.0,80.0,32063.0,5.0,16.0,15.5
1791479590.4,382.6,2872.0,61.0,100.0,32063.0,5.0,16.0,14.3
1791479592.5,272.1,2895.0,56.0,86.0,32063.0,5.0,16.0,44.0
1791479594.5,322.6,2880.0,61.0,98.0,32063.0,5.0,16.0,26.6
1791479596.5,305.9,2895.0,59.0,86.0,32063.0,5.0,16.0,34.4
1791479598.5,325.7,2872.0,61.0,99.0,32063.0,5.0,16.0,28.9
1791479600.5,289.4,2895.0,60.0,91.0,32063.0,5.0,16.0,33.0
1791479602.6,287.8,2835.0,62.0,99.0,32063.0,5.0,16.0,33.0
1791479604.6,425.6,2835.0,63.0,100.0,32063.0,5.0,16.0,3.7
1791479606.6,423.3,2835.0,64.0,100.0,32063.0,5.0,16.0,3.2
1791479608.6,431.3,2842.0,66.0,100.0,32063.0,5.0,16.0,3.2
1791479610.7,251.4,2887.0,60.0,95.0,32063.0,5.0,16.0,27.2
1791479612.7,293.8,2850.0,60.0,85.0,32063.0,5.0,16.0,38.7
1791479614.7,443.6,2827.0,65.0,100.0,32063.0,5.0,16.0,3.8
1791479616.7,428.5,2827.0,64.0,100.0,32063.0,5.0,16.0,3.2
1791479618.7,432.5,2827.0,66.0,100.0,32063.0,5.0,16.0,3.2
1791479620.8,235.3,2887.0,61.0,90.0,32063.0,5.0,16.0,20.3
1791479622.8,273.6,2910.0,57.0,4.0,32063.0,5.0,16.0,44.2
1791479624.8,432.0,2835.0,64.0,100.0,32063.0,5.0,16.0,3.3
1791479626.8,425.8,2827.0,66.0,100.0,32063.0,5.0,16.0,3.2
1791479628.8,432.1,2827.0,67.0,100.0,32063.0,5.0,16.0,3.2
1791479630.9,295.1,2895.0,61.0,92.0,32063.0,5.0,16.0,14.9
