build,mode,prefix_tokens,scheduled,attempted,n,blocked,errors,replies_128,full_prefix_hits,cache_hit_rate,input_tokens_min,input_tokens_max,cached_tokens_median,ttft_s_p50,ttft_s_p80,ttft_s_p90,ttft_s_p95,ttft_s_p99,total_s_p50,total_s_p80,total_s_p90,total_s_p95,total_s_p99,total_128_s_p50,total_128_s_p80,total_128_s_p90,total_128_s_p95,total_128_s_p99
main,cold,32768,1,1,1,0,0,1,0,0.0,32851,32851,0,5.626029466977343,5.626029466977343,5.626029466977343,5.626029466977343,5.626029466977343,6.4409165129764006,6.4409165129764006,6.4409165129764006,6.4409165129764006,6.4409165129764006,6.4409165129764006,6.4409165129764006,6.4409165129764006,6.4409165129764006,6.4409165129764006
main,cold,65536,1,1,1,0,0,1,0,0.0,65619,65619,0,11.158232479996514,11.158232479996514,11.158232479996514,11.158232479996514,11.158232479996514,11.978707242989913,11.978707242989913,11.978707242989913,11.978707242989913,11.978707242989913,11.978707242989913,11.978707242989913,11.978707242989913,11.978707242989913,11.978707242989913
main,cold,131072,1,1,1,0,0,1,0,0.0,131155,131155,0,22.630750005017035,22.630750005017035,22.630750005017035,22.630750005017035,22.630750005017035,23.46974611101905,23.46974611101905,23.46974611101905,23.46974611101905,23.46974611101905,23.46974611101905,23.46974611101905,23.46974611101905,23.46974611101905,23.46974611101905
main,disk_restore,32768,1,0,0,1,1,0,0,,,,,,,,,,,,,,,,,,,
main,disk_restore,65536,1,0,0,1,1,0,0,,,,,,,,,,,,,,,,,,,
main,disk_restore,131072,1,0,0,1,1,0,0,,,,,,,,,,,,,,,,,,,
main,pinned,32768,1,1,1,0,0,1,1,1.0,32851,32851,32768,0.27749571099411696,0.27749571099411696,0.27749571099411696,0.27749571099411696,0.27749571099411696,1.0903906020103022,1.0903906020103022,1.0903906020103022,1.0903906020103022,1.0903906020103022,1.0903906020103022,1.0903906020103022,1.0903906020103022,1.0903906020103022,1.0903906020103022
main,pinned,65536,1,1,1,0,0,1,1,1.0,65619,65619,65536,0.3624632259598002,0.3624632259598002,0.3624632259598002,0.3624632259598002,0.3624632259598002,1.1810343459947035,1.1810343459947035,1.1810343459947035,1.1810343459947035,1.1810343459947035,1.1810343459947035,1.1810343459947035,1.1810343459947035,1.1810343459947035,1.1810343459947035
main,pinned,131072,1,1,1,0,0,1,1,1.0,131155,131155,131072,0.5041247880435549,0.5041247880435549,0.5041247880435549,0.5041247880435549,0.5041247880435549,1.3333056840347126,1.3333056840347126,1.3333056840347126,1.3333056840347126,1.3333056840347126,1.3333056840347126,1.3333056840347126,1.3333056840347126,1.3333056840347126,1.3333056840347126
pr1489,cold,32768,1,1,1,0,0,1,0,0.0,32851,32851,0,5.618526657985058,5.618526657985058,5.618526657985058,5.618526657985058,5.618526657985058,6.433705617964733,6.433705617964733,6.433705617964733,6.433705617964733,6.433705617964733,6.433705617964733,6.433705617964733,6.433705617964733,6.433705617964733,6.433705617964733
pr1489,cold,65536,1,1,1,0,0,1,0,0.0,65619,65619,0,11.152748705004342,11.152748705004342,11.152748705004342,11.152748705004342,11.152748705004342,11.973523824999575,11.973523824999575,11.973523824999575,11.973523824999575,11.973523824999575,11.973523824999575,11.973523824999575,11.973523824999575,11.973523824999575,11.973523824999575
pr1489,cold,131072,1,1,1,0,0,1,0,0.0,131155,131155,0,22.610771558014676,22.610771558014676,22.610771558014676,22.610771558014676,22.610771558014676,23.447364068008028,23.447364068008028,23.447364068008028,23.447364068008028,23.447364068008028,23.447364068008028,23.447364068008028,23.447364068008028,23.447364068008028,23.447364068008028
pr1489,disk_restore,32768,1,1,1,0,0,1,1,1.0,32851,32851,32768,0.8416485760244541,0.8416485760244541,0.8416485760244541,0.8416485760244541,0.8416485760244541,1.6537403580150567,1.6537403580150567,1.6537403580150567,1.6537403580150567,1.6537403580150567,1.6537403580150567,1.6537403580150567,1.6537403580150567,1.6537403580150567,1.6537403580150567
pr1489,disk_restore,65536,1,1,1,0,0,1,1,1.0,65619,65619,65536,1.2175035130348988,1.2175035130348988,1.2175035130348988,1.2175035130348988,1.2175035130348988,2.0350167410215363,2.0350167410215363,2.0350167410215363,2.0350167410215363,2.0350167410215363,2.0350167410215363,2.0350167410215363,2.0350167410215363,2.0350167410215363,2.0350167410215363
pr1489,disk_restore,131072,1,1,1,0,0,1,1,1.0,131155,131155,131072,1.9556945500080474,1.9556945500080474,1.9556945500080474,1.9556945500080474,1.9556945500080474,2.7838462400250137,2.7838462400250137,2.7838462400250137,2.7838462400250137,2.7838462400250137,2.7838462400250137,2.7838462400250137,2.7838462400250137,2.7838462400250137,2.7838462400250137
pr1489,pinned,32768,1,1,1,0,0,1,1,1.0,32851,32851,32768,0.27809418900869787,0.27809418900869787,0.27809418900869787,0.27809418900869787,0.27809418900869787,1.0906055299565196,1.0906055299565196,1.0906055299565196,1.0906055299565196,1.0906055299565196,1.0906055299565196,1.0906055299565196,1.0906055299565196,1.0906055299565196,1.0906055299565196
pr1489,pinned,65536,1,1,1,0,0,1,1,1.0,65619,65619,65536,0.3614156349794939,0.3614156349794939,0.3614156349794939,0.3614156349794939,0.3614156349794939,1.1800634679966606,1.1800634679966606,1.1800634679966606,1.1800634679966606,1.1800634679966606,1.1800634679966606,1.1800634679966606,1.1800634679966606,1.1800634679966606,1.1800634679966606
pr1489,pinned,131072,1,1,1,0,0,1,1,1.0,131155,131155,131072,0.5254916719859466,0.5254916719859466,0.5254916719859466,0.5254916719859466,0.5254916719859466,1.354298205988016,1.354298205988016,1.354298205988016,1.354298205988016,1.354298205988016,1.354298205988016,1.354298205988016,1.354298205988016,1.354298205988016,1.354298205988016
