time,junction_c
11:50:20,40
11:50:31,40
11:50:41,43
11:50:51,73
11:51:01,78
11:51:11,82
11:51:21,85
11:51:31,89
11:51:41,90
11:51:51,92
11:52:01,93
11:52:12,96
11:52:22,96
11:52:32,97
11:52:42,97
11:52:52,99
11:53:02,98
11:53:12,99
11:53:22,99
11:53:32,101
11:53:42,101
11:53:53,100
11:54:03,98
11:54:13,102
11:54:23,102
11:54:33,102
11:54:43,99
11:54:53,103
11:55:03,103
11:55:13,100
11:55:23,101
11:55:34,102
11:55:44,103
11:55:54,103
11:56:04,103
11:56:14,102
11:56:24,103
11:56:34,100
11:56:44,102
11:56:54,103
11:57:04,103
11:57:15,102
11:57:25,104
11:57:35,102
11:57:45,103
11:57:55,100
11:58:05,99
11:58:15,102
11:58:25,104
11:58:35,102
11:58:45,102
11:58:56,102
11:59:06,103
11:59:16,101
11:59:26,98
11:59:36,100
11:59:46,100
11:59:56,102
12:00:06,102
12:00:16,103
12:00:26,104
12:00:36,100
12:00:47,100
12:00:57,103
12:01:07,103
12:01:17,103
12:01:27,100
12:01:37,104
12:01:47,104
