14000 MHz, 169.97 W
14000 MHz, 191.50 W
14000 MHz, 130.76 W
14000 MHz, 161.09 W
14000 MHz, 141.72 W
14000 MHz, 78.42 W
14000 MHz, 110.76 W
14000 MHz, 189.03 W
14000 MHz, 171.19 W
14000 MHz, 193.98 W
14000 MHz, 143.95 W
14000 MHz, 112.17 W
14000 MHz, 128.57 W
14000 MHz, 185.83 W
14000 MHz, 178.65 W
14000 MHz, 196.63 W
14000 MHz, 52.56 W
14000 MHz, 94.03 W
14000 MHz, 145.38 W
14000 MHz, 80.20 W
14000 MHz, 126.08 W
14000 MHz, 186.01 W
14000 MHz, 169.45 W
14000 MHz, 195.79 W
14000 MHz, 66.07 W
14000 MHz, 110.98 W
14000 MHz, 136.13 W
14000 MHz, 58.86 W
14000 MHz, 105.89 W
14000 MHz, 180.75 W
14000 MHz, 175.47 W
14000 MHz, 197.34 W
14000 MHz, 65.51 W
14000 MHz, 86.97 W
14000 MHz, 160.53 W
14000 MHz, 52.67 W
14000 MHz, 199.94 W
14000 MHz, 117.62 W
14000 MHz, 192.74 W
14000 MHz, 198.99 W
14000 MHz, 180.20 W
14000 MHz, 193.42 W
14000 MHz, 166.46 W
14000 MHz, 203.11 W
14000 MHz, 67.80 W
14000 MHz, 200.10 W
14000 MHz, 123.93 W
14000 MHz, 182.36 W
14000 MHz, 188.74 W
14000 MHz, 166.30 W
14000 MHz, 199.72 W
14000 MHz, 74.11 W
14000 MHz, 191.65 W
14000 MHz, 201.88 W
14000 MHz, 201.22 W
14000 MHz, 201.89 W
14000 MHz, 183.29 W
14000 MHz, 195.49 W
14000 MHz, 73.62 W
14000 MHz, 200.04 W
14000 MHz, 107.34 W
14000 MHz, 184.53 W
14000 MHz, 161.64 W
14000 MHz, 200.04 W
14000 MHz, 56.23 W
14000 MHz, 86.21 W
14000 MHz, 203.88 W
14000 MHz, 53.94 W
14000 MHz, 199.95 W
14000 MHz, 155.04 W
14000 MHz, 191.56 W
14000 MHz, 200.06 W
14000 MHz, 182.09 W
14000 MHz, 194.74 W
14000 MHz, 123.23 W
14000 MHz, 199.38 W
14000 MHz, 67.60 W
14000 MHz, 189.12 W
14000 MHz, 176.15 W
14000 MHz, 192.54 W
14000 MHz, 96.05 W
14000 MHz, 142.28 W
14000 MHz, 140.80 W
14000 MHz, 55.56 W
14000 MHz, 199.95 W
14000 MHz, 96.69 W
14000 MHz, 193.42 W
14000 MHz, 199.89 W
14000 MHz, 179.45 W
14000 MHz, 193.91 W
14000 MHz, 177.38 W
14000 MHz, 201.12 W
14000 MHz, 73.33 W
14000 MHz, 200.27 W
14000 MHz, 119.82 W
14000 MHz, 183.51 W
14000 MHz, 154.06 W
14000 MHz, 201.52 W
14000 MHz, 55.01 W
14000 MHz, 74.77 W
14000 MHz, 203.68 W
14000 MHz, 54.67 W
14000 MHz, 199.97 W
14000 MHz, 168.52 W
14000 MHz, 199.37 W
14000 MHz, 186.28 W
14000 MHz, 199.99 W
14000 MHz, 192.09 W
14000 MHz, 199.79 W
14000 MHz, 190.95 W
14000 MHz, 199.95 W
14000 MHz, 192.88 W
14000 MHz, 199.06 W
14000 MHz, 190.59 W
14000 MHz, 201.17 W
14000 MHz, 198.62 W
14000 MHz, 199.64 W
14000 MHz, 193.79 W
14000 MHz, 200.34 W
14000 MHz, 190.86 W
14000 MHz, 199.81 W
14000 MHz, 192.85 W
14000 MHz, 199.25 W
14000 MHz, 187.38 W
14000 MHz, 199.94 W
14000 MHz, 201.23 W
14000 MHz, 200.20 W
14000 MHz, 192.88 W
14000 MHz, 199.61 W
14000 MHz, 196.27 W
14000 MHz, 184.32 W
14000 MHz, 195.31 W
14000 MHz, 186.00 W
14000 MHz, 199.68 W
14000 MHz, 182.76 W
14000 MHz, 201.24 W
14000 MHz, 52.41 W
14000 MHz, 199.06 W
14000 MHz, 111.42 W
14000 MHz, 185.37 W
14000 MHz, 178.22 W
14000 MHz, 199.30 W
14000 MHz, 173.15 W
14000 MHz, 137.12 W
14000 MHz, 199.86 W
14000 MHz, 95.41 W
14000 MHz, 199.65 W
14000 MHz, 189.12 W
14000 MHz, 200.91 W
14000 MHz, 197.50 W
14000 MHz, 201.26 W
14000 MHz, 193.23 W
14000 MHz, 199.98 W
14000 MHz, 193.14 W
14000 MHz, 199.64 W
14000 MHz, 202.51 W
14000 MHz, 200.29 W
14000 MHz, 189.82 W
14000 MHz, 200.10 W
14000 MHz, 193.67 W
14000 MHz, 199.49 W
14000 MHz, 191.07 W
14000 MHz, 201.48 W
14000 MHz, 193.19 W
14000 MHz, 199.83 W
14000 MHz, 186.83 W
14000 MHz, 200.03 W
14000 MHz, 199.01 W
14000 MHz, 200.19 W
14000 MHz, 193.41 W
14000 MHz, 200.05 W
14000 MHz, 196.28 W
14000 MHz, 195.76 W
14000 MHz, 195.93 W
14000 MHz, 184.53 W
14000 MHz, 200.37 W
14000 MHz, 189.39 W
14000 MHz, 200.57 W
14000 MHz, 123.57 W
14000 MHz, 199.25 W
14000 MHz, 53.88 W
14000 MHz, 184.67 W
14000 MHz, 168.34 W
14000 MHz, 199.28 W
14000 MHz, 172.56 W
14000 MHz, 161.41 W
14000 MHz, 73.40 W
14000 MHz, 59.32 W
14000 MHz, 181.39 W
14000 MHz, 62.97 W
14000 MHz, 199.67 W
14000 MHz, 196.24 W
14000 MHz, 200.23 W
14000 MHz, 188.11 W
14000 MHz, 200.09 W
14000 MHz, 194.30 W
14000 MHz, 199.31 W
14000 MHz, 190.15 W
14000 MHz, 199.98 W
14000 MHz, 192.71 W
14000 MHz, 200.99 W
14000 MHz, 188.21 W
14000 MHz, 199.75 W
14000 MHz, 192.35 W
14000 MHz, 200.05 W
14000 MHz, 203.11 W
14000 MHz, 199.39 W
14000 MHz, 191.05 W
14000 MHz, 199.78 W
14000 MHz, 193.32 W
14000 MHz, 197.39 W
14000 MHz, 189.27 W
14000 MHz, 199.83 W
14000 MHz, 193.48 W
14000 MHz, 199.86 W
14000 MHz, 200.84 W
14000 MHz, 199.95 W
14000 MHz, 196.78 W
14000 MHz, 183.55 W
14000 MHz, 196.51 W
14000 MHz, 201.66 W
14000 MHz, 199.38 W
14000 MHz, 187.65 W
14000 MHz, 201.40 W
14000 MHz, 83.68 W
14000 MHz, 199.26 W
14000 MHz, 84.88 W
14000 MHz, 183.36 W
14000 MHz, 170.48 W
14000 MHz, 201.14 W
14000 MHz, 132.34 W
14000 MHz, 107.72 W
14000 MHz, 88.17 W
14000 MHz, 59.09 W
14000 MHz, 200.34 W
14000 MHz, 121.84 W
14000 MHz, 196.68 W
14000 MHz, 187.66 W
14000 MHz, 199.80 W
14000 MHz, 193.39 W
14000 MHz, 200.01 W
14000 MHz, 187.23 W
14000 MHz, 199.88 W
14000 MHz, 190.45 W
14000 MHz, 199.82 W
14000 MHz, 191.57 W
14000 MHz, 199.84 W
14000 MHz, 190.05 W
14000 MHz, 199.70 W
14000 MHz, 194.14 W
14000 MHz, 201.21 W
14000 MHz, 191.88 W
14000 MHz, 199.74 W
14000 MHz, 188.38 W
14000 MHz, 199.71 W
14000 MHz, 204.27 W
14000 MHz, 199.97 W
14000 MHz, 189.84 W
14000 MHz, 199.90 W
14000 MHz, 192.59 W
14000 MHz, 200.16 W
14000 MHz, 197.79 W
14000 MHz, 200.00 W
14000 MHz, 194.67 W
14000 MHz, 185.41 W
14000 MHz, 197.12 W
14000 MHz, 188.04 W
14000 MHz, 199.80 W
14000 MHz, 164.55 W
14000 MHz, 199.06 W
14000 MHz, 61.20 W
14000 MHz, 184.96 W
14000 MHz, 115.26 W
14000 MHz, 188.52 W
14000 MHz, 168.34 W
14000 MHz, 192.60 W
14000 MHz, 88.85 W
14000 MHz, 79.00 W
14000 MHz, 120.53 W
14000 MHz, 56.89 W
14000 MHz, 199.90 W
14000 MHz, 158.11 W
14000 MHz, 199.98 W
14000 MHz, 188.44 W
14000 MHz, 200.35 W
14000 MHz, 192.20 W
14000 MHz, 200.32 W
14000 MHz, 190.72 W
14000 MHz, 199.82 W
14000 MHz, 192.73 W
14000 MHz, 200.08 W
14000 MHz, 200.24 W
14000 MHz, 199.95 W
14000 MHz, 190.67 W
14000 MHz, 200.37 W
14000 MHz, 194.18 W
14000 MHz, 199.19 W
14000 MHz, 191.04 W
14000 MHz, 202.93 W
14000 MHz, 192.74 W
14000 MHz, 199.78 W
14000 MHz, 185.35 W
14000 MHz, 199.65 W
14000 MHz, 192.64 W
14000 MHz, 200.45 W
14000 MHz, 192.86 W
14000 MHz, 199.50 W
14000 MHz, 191.03 W
14000 MHz, 200.81 W
14000 MHz, 194.28 W
14000 MHz, 200.02 W
14000 MHz, 185.88 W
14000 MHz, 200.24 W
14000 MHz, 191.76 W
14000 MHz, 199.99 W
14000 MHz, 194.16 W
14000 MHz, 199.58 W
14000 MHz, 190.36 W
14000 MHz, 203.12 W
14000 MHz, 193.11 W
14000 MHz, 200.30 W
14000 MHz, 200.86 W
14000 MHz, 199.92 W
14000 MHz, 192.17 W
14000 MHz, 200.10 W
14000 MHz, 194.17 W
14000 MHz, 200.26 W
14000 MHz, 190.71 W
14000 MHz, 199.70 W
14000 MHz, 200.56 W
14000 MHz, 199.90 W
14000 MHz, 193.50 W
14000 MHz, 199.62 W
14000 MHz, 189.90 W
14000 MHz, 200.48 W
14000 MHz, 194.07 W
14000 MHz, 200.38 W
14000 MHz, 200.54 W
14000 MHz, 200.03 W
14000 MHz, 191.86 W
14000 MHz, 199.80 W
14000 MHz, 194.95 W
14000 MHz, 199.88 W
14000 MHz, 188.91 W
14000 MHz, 200.20 W
14000 MHz, 201.45 W
14000 MHz, 199.77 W
14000 MHz, 194.19 W
14000 MHz, 198.35 W
14000 MHz, 199.62 W
14000 MHz, 198.23 W
14000 MHz, 200.31 W
14000 MHz, 181.44 W
14000 MHz, 195.92 W
14000 MHz, 194.82 W
14000 MHz, 199.99 W
14000 MHz, 145.81 W
14000 MHz, 200.61 W
14000 MHz, 67.69 W
14000 MHz, 187.69 W
14000 MHz, 110.03 W
14000 MHz, 181.42 W
14000 MHz, 178.90 W
14000 MHz, 182.01 W
14000 MHz, 137.06 W
14000 MHz, 61.74 W
14000 MHz, 200.02 W
14000 MHz, 144.96 W
14000 MHz, 199.21 W
14000 MHz, 188.58 W
14000 MHz, 200.89 W
14000 MHz, 193.72 W
14000 MHz, 199.86 W
14000 MHz, 188.18 W
14000 MHz, 200.13 W
14000 MHz, 202.44 W
14000 MHz, 200.08 W
14000 MHz, 193.47 W
14000 MHz, 200.00 W
14000 MHz, 190.22 W
14000 MHz, 199.89 W
14000 MHz, 195.02 W
14000 MHz, 198.23 W
14000 MHz, 189.67 W
14000 MHz, 199.90 W
14000 MHz, 191.95 W
14000 MHz, 200.44 W
14000 MHz, 202.76 W
14000 MHz, 199.87 W
14000 MHz, 191.41 W
14000 MHz, 199.77 W
14000 MHz, 192.77 W
14000 MHz, 197.53 W
14000 MHz, 191.59 W
14000 MHz, 199.80 W
14000 MHz, 192.57 W
14000 MHz, 200.33 W
14000 MHz, 203.56 W
14000 MHz, 199.84 W
14000 MHz, 190.51 W
14000 MHz, 199.69 W
14000 MHz, 194.38 W
14000 MHz, 200.29 W
14000 MHz, 190.64 W
14000 MHz, 200.18 W
14000 MHz, 194.62 W
14000 MHz, 200.44 W
14000 MHz, 193.81 W
14000 MHz, 199.76 W
14000 MHz, 190.26 W
14000 MHz, 199.49 W
14000 MHz, 193.46 W
14000 MHz, 200.01 W
14000 MHz, 187.70 W
14000 MHz, 200.13 W
14000 MHz, 192.77 W
14000 MHz, 200.04 W
14000 MHz, 193.77 W
14000 MHz, 196.62 W
14000 MHz, 188.77 W
14000 MHz, 203.69 W
14000 MHz, 193.49 W
14000 MHz, 200.31 W
14000 MHz, 194.14 W
14000 MHz, 200.09 W
14000 MHz, 191.56 W
14000 MHz, 200.48 W
14000 MHz, 194.57 W
14000 MHz, 200.17 W
14000 MHz, 200.70 W
14000 MHz, 200.04 W
14000 MHz, 189.69 W
14000 MHz, 199.66 W
14000 MHz, 195.70 W
14000 MHz, 200.70 W
14000 MHz, 197.78 W
14000 MHz, 198.16 W
14000 MHz, 200.72 W
14000 MHz, 182.96 W
14000 MHz, 196.49 W
14000 MHz, 200.47 W
14000 MHz, 198.81 W
14000 MHz, 177.68 W
14000 MHz, 201.51 W
14000 MHz, 71.72 W
14000 MHz, 199.76 W
14000 MHz, 98.17 W
14000 MHz, 183.97 W
14000 MHz, 176.41 W
14000 MHz, 177.71 W
14000 MHz, 70.23 W
14000 MHz, 61.63 W
14000 MHz, 120.45 W
14000 MHz, 55.94 W
14000 MHz, 200.15 W
14000 MHz, 150.18 W
14000 MHz, 199.52 W
14000 MHz, 189.18 W
14000 MHz, 199.59 W
14000 MHz, 193.30 W
14000 MHz, 199.96 W
14000 MHz, 189.32 W
14000 MHz, 199.74 W
14000 MHz, 192.78 W
14000 MHz, 200.30 W
14000 MHz, 193.58 W
14000 MHz, 200.04 W
14000 MHz, 190.12 W
14000 MHz, 199.86 W
14000 MHz, 194.00 W
14000 MHz, 197.79 W
14000 MHz, 191.32 W
14000 MHz, 199.79 W
14000 MHz, 192.31 W
14000 MHz, 200.14 W
14000 MHz, 197.78 W
14000 MHz, 199.76 W
14000 MHz, 193.33 W
14000 MHz, 200.17 W
14000 MHz, 193.87 W
14000 MHz, 198.96 W
14000 MHz, 191.17 W
14000 MHz, 200.70 W
14000 MHz, 193.71 W
14000 MHz, 200.43 W
14000 MHz, 200.34 W
14000 MHz, 199.88 W
14000 MHz, 192.11 W
14000 MHz, 199.94 W
14000 MHz, 193.29 W
14000 MHz, 197.12 W
14000 MHz, 190.71 W
14000 MHz, 199.77 W
14000 MHz, 189.04 W
14000 MHz, 200.11 W
14000 MHz, 197.68 W
14000 MHz, 200.09 W
14000 MHz, 191.51 W
14000 MHz, 200.09 W
14000 MHz, 194.65 W
14000 MHz, 200.88 W
14000 MHz, 190.17 W
14000 MHz, 200.10 W
14000 MHz, 203.95 W
14000 MHz, 199.84 W
14000 MHz, 192.91 W
14000 MHz, 199.50 W
14000 MHz, 190.46 W
14000 MHz, 200.53 W
14000 MHz, 192.25 W
14000 MHz, 200.20 W
14000 MHz, 202.37 W
14000 MHz, 199.87 W
14000 MHz, 191.50 W
14000 MHz, 199.93 W
14000 MHz, 194.40 W
14000 MHz, 200.46 W
14000 MHz, 190.50 W
14000 MHz, 200.27 W
14000 MHz, 199.44 W
14000 MHz, 200.07 W
14000 MHz, 195.15 W
14000 MHz, 199.98 W
14000 MHz, 200.00 W
14000 MHz, 198.20 W
14000 MHz, 200.04 W
14000 MHz, 181.57 W
14000 MHz, 196.24 W
14000 MHz, 200.60 W
14000 MHz, 199.53 W
14000 MHz, 160.55 W
14000 MHz, 200.65 W
14000 MHz, 57.64 W
14000 MHz, 199.85 W
14000 MHz, 105.98 W
14000 MHz, 183.30 W
14000 MHz, 171.90 W
14000 MHz, 188.88 W
14000 MHz, 90.82 W
14000 MHz, 78.57 W
14000 MHz, 105.19 W
14000 MHz, 58.11 W
14000 MHz, 200.30 W
14000 MHz, 134.14 W
14000 MHz, 198.01 W
14000 MHz, 187.44 W
14000 MHz, 199.91 W
14000 MHz, 192.53 W
14000 MHz, 199.91 W
14000 MHz, 189.16 W
14000 MHz, 200.29 W
14000 MHz, 202.91 W
14000 MHz, 199.98 W
14000 MHz, 193.36 W
14000 MHz, 199.91 W
14000 MHz, 189.96 W
14000 MHz, 200.34 W
14000 MHz, 194.85 W
14000 MHz, 200.18 W
14000 MHz, 192.51 W
14000 MHz, 200.03 W
14000 MHz, 191.12 W
14000 MHz, 200.19 W
14000 MHz, 198.90 W
14000 MHz, 199.56 W
14000 MHz, 190.35 W
14000 MHz, 200.18 W
14000 MHz, 193.39 W
14000 MHz, 196.32 W
14000 MHz, 191.49 W
14000 MHz, 199.95 W
14000 MHz, 192.52 W
14000 MHz, 200.13 W
14000 MHz, 202.31 W
14000 MHz, 199.58 W
14000 MHz, 191.34 W
14000 MHz, 200.00 W
14000 MHz, 195.45 W
14000 MHz, 200.41 W
14000 MHz, 191.21 W
14000 MHz, 199.83 W
14000 MHz, 196.22 W
14000 MHz, 200.11 W
14000 MHz, 196.18 W
14000 MHz, 199.66 W
14000 MHz, 189.74 W
14000 MHz, 199.53 W
14000 MHz, 195.98 W
14000 MHz, 199.88 W
14000 MHz, 187.22 W
14000 MHz, 200.12 W
14000 MHz, 191.72 W
14000 MHz, 200.10 W
14000 MHz, 193.86 W
14000 MHz, 195.91 W
14000 MHz, 189.25 W
14000 MHz, 204.10 W
14000 MHz, 194.66 W
14000 MHz, 200.27 W
14000 MHz, 200.49 W
14000 MHz, 200.12 W
14000 MHz, 191.35 W
14000 MHz, 200.15 W
14000 MHz, 194.94 W
14000 MHz, 200.07 W
14000 MHz, 200.68 W
14000 MHz, 200.11 W
14000 MHz, 190.99 W
14000 MHz, 199.72 W
14000 MHz, 194.83 W
14000 MHz, 200.61 W
14000 MHz, 198.81 W
14000 MHz, 198.61 W
14000 MHz, 200.68 W
14000 MHz, 183.19 W
14000 MHz, 196.35 W
14000 MHz, 200.65 W
14000 MHz, 199.32 W
14000 MHz, 177.89 W
14000 MHz, 201.16 W
14000 MHz, 70.66 W
14000 MHz, 199.94 W
14000 MHz, 96.04 W
14000 MHz, 182.08 W
14000 MHz, 180.38 W
14000 MHz, 194.96 W
14000 MHz, 116.47 W
14000 MHz, 86.24 W
14000 MHz, 95.97 W
14000 MHz, 128.92 W
14000 MHz, 157.47 W
14000 MHz, 169.50 W
14000 MHz, 138.16 W
14000 MHz, 160.50 W
14000 MHz, 150.84 W
14000 MHz, 159.17 W
14000 MHz, 147.71 W
14000 MHz, 161.72 W
14000 MHz, 145.42 W
14000 MHz, 167.81 W
14000 MHz, 150.84 W
14000 MHz, 77.16 W
14000 MHz, 200.29 W
14000 MHz, 129.24 W
14000 MHz, 197.22 W
14000 MHz, 200.37 W
14000 MHz, 194.40 W
14000 MHz, 194.00 W
14000 MHz, 185.65 W
14000 MHz, 202.79 W
14000 MHz, 154.00 W
14000 MHz, 200.35 W
14000 MHz, 53.38 W
14000 MHz, 172.93 W
14000 MHz, 152.21 W
14000 MHz, 60.79 W
14000 MHz, 199.86 W
14000 MHz, 185.88 W
14000 MHz, 195.29 W
14000 MHz, 199.67 W
14000 MHz, 180.10 W
14000 MHz, 196.35 W
14000 MHz, 201.58 W
14000 MHz, 200.15 W
14000 MHz, 93.36 W
14000 MHz, 197.14 W
14000 MHz, 99.23 W
14000 MHz, 104.80 W
14000 MHz, 200.26 W
14000 MHz, 124.45 W
14000 MHz, 200.59 W
14000 MHz, 199.80 W
14000 MHz, 98.69 W
14000 MHz, 197.03 W
14000 MHz, 81.68 W
14000 MHz, 117.31 W
14000 MHz, 199.93 W
14000 MHz, 113.42 W
14000 MHz, 200.84 W
14000 MHz, 188.16 W
14000 MHz, 200.22 W
14000 MHz, 190.63 W
14000 MHz, 199.89 W
14000 MHz, 197.87 W
14000 MHz, 200.16 W
14000 MHz, 191.58 W
14000 MHz, 199.96 W
14000 MHz, 193.50 W
14000 MHz, 199.16 W
14000 MHz, 190.66 W
14000 MHz, 201.07 W
14000 MHz, 193.66 W
14000 MHz, 200.81 W
14000 MHz, 189.24 W
14000 MHz, 200.17 W
14000 MHz, 201.24 W
14000 MHz, 199.97 W
14000 MHz, 193.69 W
14000 MHz, 199.84 W
14000 MHz, 189.88 W
14000 MHz, 199.84 W
14000 MHz, 193.37 W
14000 MHz, 200.36 W
14000 MHz, 189.83 W
14000 MHz, 199.83 W
14000 MHz, 198.64 W
14000 MHz, 194.62 W
14000 MHz, 197.17 W
14000 MHz, 187.54 W
14000 MHz, 200.02 W
14000 MHz, 200.37 W
14000 MHz, 195.57 W
14000 MHz, 165.41 W
14000 MHz, 203.69 W
14000 MHz, 76.39 W
14000 MHz, 193.74 W
14000 MHz, 100.76 W
14000 MHz, 81.94 W
14000 MHz, 200.07 W
14000 MHz, 133.84 W
14000 MHz, 197.00 W
14000 MHz, 188.69 W
14000 MHz, 199.94 W
14000 MHz, 192.15 W
14000 MHz, 199.99 W
14000 MHz, 187.82 W
14000 MHz, 200.07 W
14000 MHz, 194.23 W
14000 MHz, 199.85 W
14000 MHz, 194.41 W
14000 MHz, 199.97 W
14000 MHz, 190.10 W
14000 MHz, 199.70 W
14000 MHz, 194.82 W
14000 MHz, 200.41 W
14000 MHz, 188.46 W
14000 MHz, 199.90 W
14000 MHz, 191.83 W
14000 MHz, 200.21 W
14000 MHz, 197.77 W
14000 MHz, 199.55 W
14000 MHz, 190.31 W
14000 MHz, 200.11 W
14000 MHz, 193.90 W
14000 MHz, 196.08 W
14000 MHz, 190.42 W
14000 MHz, 199.98 W
14000 MHz, 194.94 W
14000 MHz, 194.54 W
14000 MHz, 202.41 W
14000 MHz, 190.89 W
14000 MHz, 199.54 W
14000 MHz, 185.28 W
14000 MHz, 197.07 W
14000 MHz, 156.28 W
14000 MHz, 199.86 W
14000 MHz, 70.18 W
14000 MHz, 183.59 W
14000 MHz, 126.16 W
14000 MHz, 73.20 W
14000 MHz, 199.90 W
14000 MHz, 157.06 W
14000 MHz, 199.47 W
14000 MHz, 190.19 W
14000 MHz, 199.57 W
14000 MHz, 194.85 W
14000 MHz, 199.92 W
14000 MHz, 190.05 W
14000 MHz, 200.10 W
14000 MHz, 199.84 W
14000 MHz, 200.08 W
14000 MHz, 195.95 W
14000 MHz, 199.73 W
14000 MHz, 189.97 W
14000 MHz, 200.01 W
14000 MHz, 193.63 W
14000 MHz, 200.39 W
14000 MHz, 191.62 W
14000 MHz, 199.95 W
14000 MHz, 191.01 W
14000 MHz, 200.05 W
14000 MHz, 202.46 W
14000 MHz, 199.95 W
14000 MHz, 190.70 W
14000 MHz, 194.03 W
14000 MHz, 197.64 W
14000 MHz, 200.49 W
14000 MHz, 199.26 W
14000 MHz, 190.94 W
14000 MHz, 200.81 W
14000 MHz, 180.60 W
14000 MHz, 197.20 W
14000 MHz, 102.79 W
14000 MHz, 200.02 W
