14000 MHz, 172.84 W
14000 MHz, 190.36 W
14000 MHz, 123.63 W
14000 MHz, 165.10 W
14000 MHz, 134.10 W
14000 MHz, 91.01 W
14000 MHz, 126.89 W
14000 MHz, 186.33 W
14000 MHz, 175.09 W
14000 MHz, 195.97 W
14000 MHz, 165.99 W
14000 MHz, 126.43 W
14000 MHz, 95.43 W
14000 MHz, 181.73 W
14000 MHz, 169.83 W
14000 MHz, 196.24 W
14000 MHz, 95.27 W
14000 MHz, 123.13 W
14000 MHz, 137.33 W
14000 MHz, 55.48 W
14000 MHz, 101.64 W
14000 MHz, 177.01 W
14000 MHz, 168.30 W
14000 MHz, 192.86 W
14000 MHz, 94.50 W
14000 MHz, 140.08 W
14000 MHz, 145.89 W
14000 MHz, 55.61 W
14000 MHz, 86.99 W
14000 MHz, 163.72 W
14000 MHz, 174.59 W
14000 MHz, 191.10 W
14000 MHz, 97.56 W
14000 MHz, 145.97 W
14000 MHz, 121.79 W
14000 MHz, 55.45 W
14000 MHz, 199.76 W
14000 MHz, 57.59 W
14000 MHz, 194.15 W
14000 MHz, 201.59 W
14000 MHz, 199.64 W
14000 MHz, 199.85 W
14000 MHz, 182.64 W
14000 MHz, 195.62 W
14000 MHz, 71.16 W
14000 MHz, 200.04 W
14000 MHz, 111.10 W
14000 MHz, 185.81 W
14000 MHz, 167.50 W
14000 MHz, 200.22 W
14000 MHz, 197.87 W
14000 MHz, 97.97 W
14000 MHz, 199.96 W
14000 MHz, 156.93 W
14000 MHz, 193.06 W
14000 MHz, 200.29 W
14000 MHz, 184.36 W
14000 MHz, 195.28 W
14000 MHz, 121.57 W
14000 MHz, 198.88 W
14000 MHz, 67.65 W
14000 MHz, 199.24 W
14000 MHz, 171.28 W
14000 MHz, 186.10 W
14000 MHz, 103.60 W
14000 MHz, 159.17 W
14000 MHz, 138.96 W
14000 MHz, 57.64 W
14000 MHz, 199.95 W
14000 MHz, 83.65 W
14000 MHz, 193.15 W
14000 MHz, 198.50 W
14000 MHz, 180.12 W
14000 MHz, 203.29 W
14000 MHz, 177.33 W
14000 MHz, 195.86 W
14000 MHz, 76.00 W
14000 MHz, 200.54 W
14000 MHz, 117.70 W
14000 MHz, 184.59 W
14000 MHz, 173.62 W
14000 MHz, 200.66 W
14000 MHz, 67.62 W
14000 MHz, 87.37 W
14000 MHz, 194.48 W
14000 MHz, 57.28 W
14000 MHz, 199.82 W
14000 MHz, 153.76 W
14000 MHz, 193.08 W
14000 MHz, 200.21 W
14000 MHz, 184.48 W
14000 MHz, 194.80 W
14000 MHz, 135.66 W
14000 MHz, 199.94 W
14000 MHz, 55.41 W
14000 MHz, 199.26 W
14000 MHz, 174.19 W
14000 MHz, 186.14 W
14000 MHz, 138.53 W
14000 MHz, 184.10 W
14000 MHz, 83.21 W
14000 MHz, 59.25 W
14000 MHz, 201.06 W
14000 MHz, 55.23 W
14000 MHz, 200.69 W
14000 MHz, 179.05 W
14000 MHz, 199.77 W
14000 MHz, 185.13 W
14000 MHz, 200.03 W
14000 MHz, 193.02 W
14000 MHz, 199.96 W
14000 MHz, 189.93 W
14000 MHz, 199.90 W
14000 MHz, 192.42 W
14000 MHz, 198.33 W
14000 MHz, 187.60 W
14000 MHz, 199.97 W
14000 MHz, 203.88 W
14000 MHz, 200.65 W
14000 MHz, 193.26 W
14000 MHz, 199.72 W
14000 MHz, 190.13 W
14000 MHz, 199.62 W
14000 MHz, 193.69 W
14000 MHz, 200.11 W
14000 MHz, 189.60 W
14000 MHz, 199.75 W
14000 MHz, 189.54 W
14000 MHz, 200.48 W
14000 MHz, 193.22 W
14000 MHz, 199.60 W
14000 MHz, 195.85 W
14000 MHz, 184.32 W
14000 MHz, 195.54 W
14000 MHz, 182.59 W
14000 MHz, 198.81 W
14000 MHz, 173.21 W
14000 MHz, 200.99 W
14000 MHz, 66.39 W
14000 MHz, 199.28 W
14000 MHz, 121.32 W
14000 MHz, 182.65 W
14000 MHz, 168.19 W
14000 MHz, 200.00 W
14000 MHz, 170.21 W
14000 MHz, 126.21 W
14000 MHz, 199.90 W
14000 MHz, 99.35 W
14000 MHz, 199.55 W
14000 MHz, 188.37 W
14000 MHz, 200.91 W
14000 MHz, 197.73 W
14000 MHz, 200.16 W
14000 MHz, 192.60 W
14000 MHz, 199.99 W
14000 MHz, 190.23 W
14000 MHz, 199.97 W
14000 MHz, 192.84 W
14000 MHz, 199.72 W
14000 MHz, 190.16 W
14000 MHz, 200.14 W
14000 MHz, 193.75 W
14000 MHz, 199.19 W
14000 MHz, 187.51 W
14000 MHz, 200.39 W
14000 MHz, 193.19 W
14000 MHz, 200.22 W
14000 MHz, 192.59 W
14000 MHz, 200.28 W
14000 MHz, 191.01 W
14000 MHz, 200.14 W
14000 MHz, 193.13 W
14000 MHz, 199.88 W
14000 MHz, 194.82 W
14000 MHz, 195.92 W
14000 MHz, 201.85 W
14000 MHz, 186.68 W
14000 MHz, 197.14 W
14000 MHz, 188.07 W
14000 MHz, 200.23 W
14000 MHz, 122.32 W
14000 MHz, 196.60 W
14000 MHz, 55.29 W
14000 MHz, 201.55 W
14000 MHz, 165.80 W
14000 MHz, 180.17 W
14000 MHz, 159.26 W
14000 MHz, 198.90 W
14000 MHz, 66.69 W
14000 MHz, 89.22 W
14000 MHz, 179.01 W
14000 MHz, 58.61 W
14000 MHz, 199.89 W
14000 MHz, 138.27 W
14000 MHz, 199.87 W
14000 MHz, 188.91 W
14000 MHz, 200.18 W
14000 MHz, 192.66 W
14000 MHz, 200.12 W
14000 MHz, 190.28 W
14000 MHz, 200.04 W
14000 MHz, 192.50 W
14000 MHz, 199.03 W
14000 MHz, 203.75 W
14000 MHz, 199.77 W
14000 MHz, 190.33 W
14000 MHz, 200.03 W
14000 MHz, 194.92 W
14000 MHz, 199.82 W
14000 MHz, 190.67 W
14000 MHz, 200.09 W
14000 MHz, 192.04 W
14000 MHz, 199.41 W
14000 MHz, 196.52 W
14000 MHz, 202.99 W
14000 MHz, 195.90 W
14000 MHz, 200.02 W
14000 MHz, 193.47 W
14000 MHz, 200.01 W
14000 MHz, 196.80 W
14000 MHz, 184.51 W
14000 MHz, 194.98 W
14000 MHz, 199.73 W
14000 MHz, 202.38 W
14000 MHz, 190.25 W
14000 MHz, 200.03 W
14000 MHz, 75.45 W
14000 MHz, 199.52 W
14000 MHz, 96.96 W
14000 MHz, 187.67 W
14000 MHz, 170.11 W
14000 MHz, 196.88 W
14000 MHz, 112.04 W
14000 MHz, 150.90 W
14000 MHz, 115.60 W
14000 MHz, 60.85 W
14000 MHz, 200.16 W
14000 MHz, 73.84 W
14000 MHz, 198.53 W
14000 MHz, 191.94 W
14000 MHz, 200.15 W
14000 MHz, 188.30 W
14000 MHz, 199.94 W
14000 MHz, 192.93 W
14000 MHz, 200.19 W
14000 MHz, 190.90 W
14000 MHz, 199.82 W
14000 MHz, 193.49 W
14000 MHz, 199.85 W
14000 MHz, 189.68 W
14000 MHz, 199.42 W
14000 MHz, 193.46 W
14000 MHz, 197.86 W
14000 MHz, 202.15 W
14000 MHz, 199.87 W
14000 MHz, 191.45 W
14000 MHz, 200.07 W
14000 MHz, 192.80 W
14000 MHz, 199.80 W
14000 MHz, 191.02 W
14000 MHz, 200.23 W
14000 MHz, 192.39 W
14000 MHz, 199.26 W
14000 MHz, 201.87 W
14000 MHz, 200.82 W
14000 MHz, 197.01 W
14000 MHz, 183.88 W
14000 MHz, 197.07 W
14000 MHz, 189.67 W
14000 MHz, 199.36 W
14000 MHz, 145.66 W
14000 MHz, 200.70 W
14000 MHz, 79.03 W
14000 MHz, 199.55 W
14000 MHz, 125.01 W
14000 MHz, 180.21 W
14000 MHz, 163.33 W
14000 MHz, 197.87 W
14000 MHz, 77.97 W
14000 MHz, 102.22 W
14000 MHz, 160.82 W
14000 MHz, 60.07 W
14000 MHz, 199.61 W
14000 MHz, 107.52 W
14000 MHz, 199.52 W
14000 MHz, 187.41 W
14000 MHz, 199.60 W
14000 MHz, 191.54 W
14000 MHz, 198.98 W
14000 MHz, 200.88 W
14000 MHz, 203.75 W
14000 MHz, 192.98 W
14000 MHz, 199.89 W
14000 MHz, 193.01 W
14000 MHz, 200.15 W
14000 MHz, 189.60 W
14000 MHz, 199.75 W
14000 MHz, 195.58 W
14000 MHz, 199.93 W
14000 MHz, 190.04 W
14000 MHz, 200.18 W
14000 MHz, 199.44 W
14000 MHz, 200.11 W
14000 MHz, 193.68 W
14000 MHz, 200.25 W
14000 MHz, 190.09 W
14000 MHz, 199.93 W
14000 MHz, 192.46 W
14000 MHz, 200.12 W
14000 MHz, 191.21 W
14000 MHz, 199.88 W
14000 MHz, 196.82 W
14000 MHz, 200.57 W
14000 MHz, 195.14 W
14000 MHz, 199.74 W
14000 MHz, 189.64 W
14000 MHz, 200.20 W
14000 MHz, 194.64 W
14000 MHz, 199.50 W
14000 MHz, 189.04 W
14000 MHz, 200.29 W
14000 MHz, 203.80 W
14000 MHz, 200.10 W
14000 MHz, 192.58 W
14000 MHz, 200.10 W
14000 MHz, 190.48 W
14000 MHz, 199.92 W
14000 MHz, 193.70 W
14000 MHz, 197.51 W
14000 MHz, 201.48 W
14000 MHz, 199.98 W
14000 MHz, 190.16 W
14000 MHz, 199.97 W
14000 MHz, 193.73 W
14000 MHz, 199.83 W
14000 MHz, 188.18 W
14000 MHz, 198.95 W
14000 MHz, 201.67 W
14000 MHz, 199.88 W
14000 MHz, 192.64 W
14000 MHz, 200.20 W
14000 MHz, 191.91 W
14000 MHz, 199.78 W
14000 MHz, 194.40 W
14000 MHz, 200.56 W
14000 MHz, 203.60 W
14000 MHz, 199.89 W
14000 MHz, 189.98 W
14000 MHz, 200.07 W
14000 MHz, 193.96 W
14000 MHz, 196.93 W
14000 MHz, 199.58 W
14000 MHz, 201.36 W
14000 MHz, 200.08 W
14000 MHz, 182.93 W
14000 MHz, 195.99 W
14000 MHz, 183.71 W
14000 MHz, 199.71 W
14000 MHz, 137.60 W
14000 MHz, 200.65 W
14000 MHz, 75.70 W
14000 MHz, 199.89 W
14000 MHz, 117.56 W
14000 MHz, 178.76 W
14000 MHz, 166.30 W
14000 MHz, 196.90 W
14000 MHz, 156.66 W
14000 MHz, 87.10 W
14000 MHz, 199.94 W
14000 MHz, 113.29 W
14000 MHz, 199.90 W
14000 MHz, 189.31 W
14000 MHz, 200.16 W
14000 MHz, 192.35 W
14000 MHz, 198.20 W
14000 MHz, 201.00 W
14000 MHz, 202.36 W
14000 MHz, 191.06 W
14000 MHz, 199.84 W
14000 MHz, 193.04 W
14000 MHz, 199.82 W
14000 MHz, 190.18 W
14000 MHz, 200.29 W
14000 MHz, 193.81 W
14000 MHz, 199.54 W
14000 MHz, 188.89 W
14000 MHz, 199.83 W
14000 MHz, 203.99 W
14000 MHz, 200.46 W
14000 MHz, 193.72 W
14000 MHz, 199.90 W
14000 MHz, 190.02 W
14000 MHz, 199.76 W
14000 MHz, 194.73 W
14000 MHz, 200.01 W
14000 MHz, 189.79 W
14000 MHz, 200.12 W
14000 MHz, 201.04 W
14000 MHz, 199.68 W
14000 MHz, 193.70 W
14000 MHz, 200.37 W
14000 MHz, 191.43 W
14000 MHz, 199.72 W
14000 MHz, 193.78 W
14000 MHz, 199.76 W
14000 MHz, 187.08 W
14000 MHz, 200.90 W
14000 MHz, 203.18 W
14000 MHz, 199.90 W
14000 MHz, 195.50 W
14000 MHz, 199.87 W
14000 MHz, 192.03 W
14000 MHz, 200.33 W
14000 MHz, 192.79 W
14000 MHz, 196.18 W
14000 MHz, 200.77 W
14000 MHz, 204.03 W
14000 MHz, 191.80 W
14000 MHz, 200.43 W
14000 MHz, 194.13 W
14000 MHz, 199.57 W
14000 MHz, 188.77 W
14000 MHz, 200.16 W
14000 MHz, 203.25 W
14000 MHz, 199.88 W
14000 MHz, 194.04 W
14000 MHz, 199.82 W
14000 MHz, 192.28 W
14000 MHz, 200.04 W
14000 MHz, 192.39 W
14000 MHz, 200.15 W
14000 MHz, 199.34 W
14000 MHz, 200.19 W
14000 MHz, 189.86 W
14000 MHz, 200.05 W
14000 MHz, 196.24 W
14000 MHz, 195.13 W
14000 MHz, 200.22 W
14000 MHz, 198.18 W
14000 MHz, 200.01 W
14000 MHz, 182.97 W
14000 MHz, 196.17 W
14000 MHz, 185.59 W
14000 MHz, 200.39 W
14000 MHz, 137.55 W
14000 MHz, 200.14 W
14000 MHz, 55.47 W
14000 MHz, 199.79 W
14000 MHz, 118.35 W
14000 MHz, 184.24 W
14000 MHz, 153.20 W
14000 MHz, 196.24 W
14000 MHz, 54.94 W
14000 MHz, 66.80 W
14000 MHz, 160.26 W
14000 MHz, 60.13 W
14000 MHz, 199.96 W
14000 MHz, 114.47 W
14000 MHz, 199.64 W
14000 MHz, 187.77 W
14000 MHz, 200.30 W
14000 MHz, 193.35 W
14000 MHz, 199.49 W
14000 MHz, 193.96 W
14000 MHz, 202.48 W
14000 MHz, 190.71 W
14000 MHz, 200.33 W
14000 MHz, 192.99 W
14000 MHz, 200.36 W
14000 MHz, 190.38 W
14000 MHz, 199.59 W
14000 MHz, 193.57 W
14000 MHz, 199.54 W
14000 MHz, 190.04 W
14000 MHz, 200.34 W
14000 MHz, 199.40 W
14000 MHz, 200.88 W
14000 MHz, 197.52 W
14000 MHz, 200.32 W
14000 MHz, 191.14 W
14000 MHz, 199.91 W
14000 MHz, 192.64 W
14000 MHz, 200.01 W
14000 MHz, 190.41 W
14000 MHz, 200.20 W
14000 MHz, 196.60 W
14000 MHz, 200.06 W
14000 MHz, 191.63 W
14000 MHz, 199.50 W
14000 MHz, 201.62 W
14000 MHz, 200.10 W
14000 MHz, 193.95 W
14000 MHz, 199.68 W
14000 MHz, 191.44 W
14000 MHz, 199.58 W
14000 MHz, 193.71 W
14000 MHz, 201.03 W
14000 MHz, 187.49 W
14000 MHz, 199.91 W
14000 MHz, 192.33 W
14000 MHz, 199.99 W
14000 MHz, 195.55 W
14000 MHz, 197.82 W
14000 MHz, 189.78 W
14000 MHz, 199.68 W
14000 MHz, 191.01 W
14000 MHz, 200.14 W
14000 MHz, 198.03 W
14000 MHz, 200.01 W
14000 MHz, 189.34 W
14000 MHz, 199.21 W
14000 MHz, 194.27 W
14000 MHz, 199.80 W
14000 MHz, 192.79 W
14000 MHz, 200.28 W
14000 MHz, 192.00 W
14000 MHz, 199.83 W
14000 MHz, 193.19 W
14000 MHz, 200.21 W
14000 MHz, 190.04 W
14000 MHz, 200.05 W
14000 MHz, 200.97 W
14000 MHz, 199.98 W
14000 MHz, 194.57 W
14000 MHz, 196.69 W
14000 MHz, 200.12 W
14000 MHz, 202.65 W
14000 MHz, 194.92 W
14000 MHz, 180.71 W
14000 MHz, 196.62 W
14000 MHz, 185.71 W
14000 MHz, 199.98 W
14000 MHz, 137.71 W
14000 MHz, 198.88 W
14000 MHz, 64.08 W
14000 MHz, 183.26 W
14000 MHz, 112.27 W
14000 MHz, 196.88 W
14000 MHz, 167.85 W
14000 MHz, 145.46 W
14000 MHz, 62.35 W
14000 MHz, 61.59 W
14000 MHz, 149.49 W
14000 MHz, 57.61 W
14000 MHz, 199.84 W
14000 MHz, 156.65 W
14000 MHz, 200.22 W
14000 MHz, 187.63 W
14000 MHz, 200.25 W
14000 MHz, 193.25 W
14000 MHz, 198.60 W
14000 MHz, 189.99 W
14000 MHz, 201.14 W
14000 MHz, 192.95 W
14000 MHz, 200.13 W
14000 MHz, 187.52 W
14000 MHz, 199.97 W
14000 MHz, 194.88 W
14000 MHz, 200.07 W
14000 MHz, 193.37 W
14000 MHz, 200.10 W
14000 MHz, 189.80 W
14000 MHz, 200.03 W
14000 MHz, 193.48 W
14000 MHz, 200.31 W
14000 MHz, 191.20 W
14000 MHz, 199.83 W
14000 MHz, 200.68 W
14000 MHz, 200.01 W
14000 MHz, 193.72 W
14000 MHz, 200.16 W
14000 MHz, 191.12 W
14000 MHz, 200.02 W
14000 MHz, 194.75 W
14000 MHz, 199.93 W
14000 MHz, 190.96 W
14000 MHz, 200.09 W
14000 MHz, 200.77 W
14000 MHz, 199.80 W
14000 MHz, 194.14 W
14000 MHz, 199.66 W
14000 MHz, 192.10 W
14000 MHz, 200.36 W
14000 MHz, 193.32 W
14000 MHz, 199.84 W
14000 MHz, 190.26 W
14000 MHz, 199.82 W
14000 MHz, 200.34 W
14000 MHz, 200.25 W
14000 MHz, 194.46 W
14000 MHz, 196.51 W
14000 MHz, 190.06 W
14000 MHz, 199.77 W
14000 MHz, 189.83 W
14000 MHz, 200.14 W
14000 MHz, 194.38 W
14000 MHz, 199.88 W
14000 MHz, 189.47 W
14000 MHz, 199.81 W
14000 MHz, 194.50 W
14000 MHz, 200.29 W
14000 MHz, 196.13 W
14000 MHz, 199.85 W
14000 MHz, 194.37 W
14000 MHz, 200.08 W
14000 MHz, 194.95 W
14000 MHz, 199.99 W
14000 MHz, 190.12 W
14000 MHz, 200.14 W
14000 MHz, 200.71 W
14000 MHz, 200.06 W
14000 MHz, 195.72 W
14000 MHz, 195.18 W
14000 MHz, 199.97 W
14000 MHz, 199.01 W
14000 MHz, 194.18 W
14000 MHz, 180.88 W
14000 MHz, 196.50 W
14000 MHz, 185.59 W
14000 MHz, 199.97 W
14000 MHz, 146.36 W
14000 MHz, 200.16 W
14000 MHz, 68.62 W
14000 MHz, 182.90 W
14000 MHz, 117.63 W
14000 MHz, 195.98 W
14000 MHz, 180.52 W
14000 MHz, 166.13 W
