idx	label	ctx	load_s	decode	prefill	accept	expert_slots	vram_free	enc	gpu_hits	file_blobs	file_mb	kv_hit_pct	kv_ram_mib	resident_gib	notes
1	S0a-budget71	8192	84	24.7	241.9	58.2	2856	190	64924	24024	794	13560.3			63.4	
2	S0b-mmap	8192	12	7.5	116.7	58.35	2856	318		22883	0	249029.4				
3	S0c-arena	8192	60	29.450000000000003	247.3	54.7	2809	314	73450							
4	S0d-arena-shm	8192	88	29.450000000000003	244.64999999999998	54.7	2809	314	73450							
5	S1-base	8192	309	25.35	241.35	62.2	2856	190	64924	22068	794	13560.3			63.4	
6	S1-pool32	8192	101	24.55	240.8	58.2	2856	190	64924	24024	794	13560.3			63.4	
7	S1-pool48	8192	81	24.700000000000003	242.25	58.2	2856	190	64924	24024	794	13560.3			63.4	
8	S1-pool96	8192	77	24.950000000000003	247.5	58.2	2856	190	64924	24024	794	13560.3			63.4	
9	S1-pool112	8192	76	25.25	246.6	62.2	2856	190	64924	22068	794	13560.3			63.4	
10	S1-pool127	8192	76	22.85	246.8	62.2	2856	190	64924	22068	794	13560.3			63.4	
11	S1-ple-ram	8192	181	25.0	245.15	58.2	2856	190	64924	24024	794	13560.3			63.4	
12	S1-ple-mmap	8192	93	25.049999999999997	245.89999999999998	58.2	2856	190	64924	24024	794	13560.3			63.4	
13	S1-prefill16k	8192	77	25.049999999999997	246.3	58.2	2856	190	64924	24024	794	13560.3			63.4	
14	S1-prefill32k	8192	76	25.049999999999997	247.3	58.2	2856	190	64924	24024	794	13560.3			63.4	
15	S1-spec2	8192	76	26.05	245.6	73.25	2857	202	64921	20935	794	13563.4			63.4	
16	S1-spec8	8192	77	20.85	247.95	40.3	2856	178	64924	32745	794	13560.3			63.4	
17	S1-suffix0	8192	76	24.6	245.85000000000002	56.0	2857	202	64921	24405	794	13563.4			63.4	
18	S1-shortread0	8192	77	25.799999999999997	236.05	62.05	2856	190	64924	20505	794	13751.3			63.4	
19	S1-shortread128	8192	77	25.049999999999997	247.1	58.2	2856	190	64924	24024	794	13560.3			63.4	
20	S1-kvres20480	8192	76	25.049999999999997	247.0	58.2	2856	190	64924	24024	794	13560.3			63.4	
21	S1-stager96	8192	76	25.049999999999997	244.0	58.2	2856	188	64924	24024	794	13560.3			63.4	
22	S1-affinity-auto	8192	76	25.1	247.15	58.2	2856	190	64924	24024	794	13560.3			63.4	
23	S1-nohostworker	8192	77	25.049999999999997	247.2	58.2	2856	190	64924	24024	794	13560.3			63.4	
25	S1-expertcache-perlayer-3600	8192														INFEASIBLE: needs 13.39 GiB for 3600 slots x 3993600 B but only 9.29 GiB VRAM free on 16 GB; engine refused to start (work/strata-sweep/S1-expertcache-perlayer-engine.log)
26	S1-expertcache-2400-perlayer	8192	342													FAILED at first request, not at startup: engine line 'strata serve: the prompt path borrows 1037 CUDA0 cache slots (3.86 GiB)' then 'strata serve: prefill gemm: cublasCreate: cuBLAS status 3' (CUBLAS_STATUS_ALLOC_FAILED, src/prefill/gemm.cu:310-311). Startup succeeded: 'expert cache 2400 slots, 8.93 GiB of VRAM', 'pre-filled 2400 of 2400 slots from the profile; slot 0 verified'. So this is neither a rejected slot count nor an invalid --expert-cache/--expert-profile combination; the prefill path over-commits VRAM. log work/strata-sweep/S1-expertcache-2400-perlayer-engine.log
27	S1-vramres1400	8192	101	22.95	240.3	57.65	2623	882	65619	22931	794	12871.5			64.08	
28	S0e-arena-shm-2nd	8192	80	29.450000000000003	248.05	54.7	2809	314	73450							
29	S2-256k-best	262144	74	32.85	237.05	80.5	2042	328	73450							
