epoch_s,mono_s,gpu,temp_c,sm_mhz,power_w,power_limit_w,throttle_active,sw_thermal,hw_thermal,hw_slowdown,sw_power_cap
1791122571.422,54861.542,0,36.0,1245.0,35.62,175.0,0x0000000000000000,Not Active,Not Active,Not Active,Not Active
1791122571.422,54861.542,1,33.0,135.0,25.66,175.0,0x0000000000000001,Not Active,Not Active,Not Active,Not Active
1791122572.458,54862.577,0,36.0,1380.0,40.73,175.0,0x0000000000000000,Not Active,Not Active,Not Active,Not Active
1791122572.458,54862.577,1,33.0,135.0,25.66,175.0,0x0000000000000001,Not Active,Not Active,Not Active,Not Active
1791122573.494,54863.614,0,36.0,1380.0,40.93,175.0,0x0000000000000000,Not Active,Not Active,Not Active,Not Active
1791122573.494,54863.614,1,33.0,135.0,25.66,175.0,0x0000000000000001,Not Active,Not Active,Not Active,Not Active
1791122574.528,54864.648,0,36.0,1380.0,40.82,175.0,0x0000000000000000,Not Active,Not Active,Not Active,Not Active
1791122574.528,54864.648,1,34.0,1245.0,37.65,175.0,0x0000000000000000,Not Active,Not Active,Not Active,Not Active
1791122575.569,54865.689,0,36.0,1380.0,40.73,175.0,0x0000000000000000,Not Active,Not Active,Not Active,Not Active
1791122575.569,54865.689,1,34.0,1245.0,38.81,175.0,0x0000000000000000,Not Active,Not Active,Not Active,Not Active
1791122576.609,54866.729,0,36.0,1380.0,40.91,175.0,0x0000000000000000,Not Active,Not Active,Not Active,Not Active
1791122576.609,54866.729,1,34.0,1372.0,42.37,175.0,0x0000000000000000,Not Active,Not Active,Not Active,Not Active
1791122577.645,54867.765,0,36.0,1245.0,35.79,175.0,0x0000000000000000,Not Active,Not Active,Not Active,Not Active
1791122577.645,54867.765,1,34.0,1372.0,42.46,175.0,0x0000000000000000,Not Active,Not Active,Not Active,Not Active
1791122578.686,54868.806,0,36.0,1245.0,35.7,175.0,0x0000000000000000,Not Active,Not Active,Not Active,Not Active
1791122578.686,54868.806,1,34.0,1372.0,42.46,175.0,0x0000000000000000,Not Active,Not Active,Not Active,Not Active
1791122579.732,54869.852,0,36.0,1245.0,35.79,175.0,0x0000000000000000,Not Active,Not Active,Not Active,Not Active
1791122579.732,54869.852,1,34.0,1372.0,42.46,175.0,0x0000000000000000,Not Active,Not Active,Not Active,Not Active
1791122580.778,54870.898,0,36.0,1245.0,35.69,175.0,0x0000000000000000,Not Active,Not Active,Not Active,Not Active
1791122580.778,54870.898,1,34.0,1372.0,42.46,175.0,0x0000000000000000,Not Active,Not Active,Not Active,Not Active
1791122581.831,54871.951,0,36.0,1245.0,35.79,175.0,0x0000000000000000,Not Active,Not Active,Not Active,Not Active
1791122581.831,54871.951,1,34.0,1372.0,42.46,175.0,0x0000000000000000,Not Active,Not Active,Not Active,Not Active
1791122582.878,54872.998,0,36.0,1245.0,35.61,175.0,0x0000000000000000,Not Active,Not Active,Not Active,Not Active
1791122582.878,54872.998,1,35.0,1372.0,42.56,175.0,0x0000000000000000,Not Active,Not Active,Not Active,Not Active
1791122583.921,54874.041,0,36.0,1245.0,35.79,175.0,0x0000000000000000,Not Active,Not Active,Not Active,Not Active
1791122583.921,54874.041,1,35.0,1372.0,42.46,175.0,0x0000000000000000,Not Active,Not Active,Not Active,Not Active
1791122584.959,54875.079,0,36.0,1245.0,35.79,175.0,0x0000000000000000,Not Active,Not Active,Not Active,Not Active
1791122584.959,54875.079,1,35.0,1372.0,42.46,175.0,0x0000000000000000,Not Active,Not Active,Not Active,Not Active
1791122585.999,54876.119,0,36.0,1245.0,35.89,175.0,0x0000000000000000,Not Active,Not Active,Not Active,Not Active
1791122585.999,54876.119,1,35.0,1372.0,42.56,175.0,0x0000000000000000,Not Active,Not Active,Not Active,Not Active
1791122587.052,54877.172,0,36.0,1245.0,35.81,175.0,0x0000000000000000,Not Active,Not Active,Not Active,Not Active
1791122587.052,54877.172,1,35.0,1372.0,42.46,175.0,0x0000000000000000,Not Active,Not Active,Not Active,Not Active
1791122588.102,54878.222,0,36.0,1245.0,35.7,175.0,0x0000000000000000,Not Active,Not Active,Not Active,Not Active
1791122588.102,54878.222,1,35.0,1372.0,42.56,175.0,0x0000000000000000,Not Active,Not Active,Not Active,Not Active
1791122589.173,54879.292,0,36.0,1245.0,35.79,175.0,0x0000000000000000,Not Active,Not Active,Not Active,Not Active
1791122589.173,54879.292,1,35.0,1245.0,37.93,175.0,0x0000000000000000,Not Active,Not Active,Not Active,Not Active
1791122590.228,54880.348,0,36.0,1245.0,35.79,175.0,0x0000000000000000,Not Active,Not Active,Not Active,Not Active
1791122590.228,54880.348,1,35.0,1245.0,37.74,175.0,0x0000000000000000,Not Active,Not Active,Not Active,Not Active
1791122591.287,54881.407,0,36.0,1245.0,35.7,175.0,0x0000000000000000,Not Active,Not Active,Not Active,Not Active
1791122591.287,54881.407,1,35.0,1245.0,37.74,175.0,0x0000000000000000,Not Active,Not Active,Not Active,Not Active
1791122592.355,54882.474,0,35.0,1245.0,35.7,175.0,0x0000000000000000,Not Active,Not Active,Not Active,Not Active
1791122592.355,54882.474,1,35.0,1245.0,37.73,175.0,0x0000000000000000,Not Active,Not Active,Not Active,Not Active
1791122593.419,54883.538,0,36.0,1245.0,35.7,175.0,0x0000000000000000,Not Active,Not Active,Not Active,Not Active
1791122593.419,54883.538,1,35.0,1245.0,37.74,175.0,0x0000000000000000,Not Active,Not Active,Not Active,Not Active
1791122594.493,54884.613,0,36.0,1245.0,35.7,175.0,0x0000000000000000,Not Active,Not Active,Not Active,Not Active
1791122594.493,54884.613,1,35.0,1245.0,37.64,175.0,0x0000000000000000,Not Active,Not Active,Not Active,Not Active
1791122595.550,54885.670,0,36.0,1245.0,35.79,175.0,0x0000000000000000,Not Active,Not Active,Not Active,Not Active
1791122595.550,54885.670,1,35.0,1245.0,37.74,175.0,0x0000000000000000,Not Active,Not Active,Not Active,Not Active
1791122596.617,54886.737,0,35.0,1245.0,35.7,175.0,0x0000000000000000,Not Active,Not Active,Not Active,Not Active
1791122596.617,54886.737,1,35.0,1245.0,37.74,175.0,0x0000000000000000,Not Active,Not Active,Not Active,Not Active
1791122597.678,54887.798,0,36.0,1245.0,35.7,175.0,0x0000000000000000,Not Active,Not Active,Not Active,Not Active
1791122597.678,54887.798,1,35.0,1245.0,37.74,175.0,0x0000000000000000,Not Active,Not Active,Not Active,Not Active
1791122598.734,54888.854,0,36.0,1245.0,35.7,175.0,0x0000000000000000,Not Active,Not Active,Not Active,Not Active
1791122598.734,54888.854,1,35.0,1245.0,37.74,175.0,0x0000000000000000,Not Active,Not Active,Not Active,Not Active
1791122599.796,54889.916,0,36.0,1245.0,35.7,175.0,0x0000000000000000,Not Active,Not Active,Not Active,Not Active
1791122599.796,54889.916,1,35.0,1245.0,37.74,175.0,0x0000000000000000,Not Active,Not Active,Not Active,Not Active
1791122600.848,54890.968,0,36.0,1245.0,35.7,175.0,0x0000000000000000,Not Active,Not Active,Not Active,Not Active
1791122600.848,54890.968,1,35.0,1245.0,37.74,175.0,0x0000000000000000,Not Active,Not Active,Not Active,Not Active
1791122601.907,54892.027,0,36.0,1245.0,35.7,175.0,0x0000000000000000,Not Active,Not Active,Not Active,Not Active
1791122601.907,54892.027,1,35.0,1245.0,37.74,175.0,0x0000000000000000,Not Active,Not Active,Not Active,Not Active
1791122602.949,54893.068,0,36.0,1245.0,35.7,175.0,0x0000000000000000,Not Active,Not Active,Not Active,Not Active
1791122602.949,54893.068,1,35.0,1245.0,37.74,175.0,0x0000000000000000,Not Active,Not Active,Not Active,Not Active
1791122604.014,54894.133,0,35.0,1245.0,35.7,175.0,0x0000000000000000,Not Active,Not Active,Not Active,Not Active
1791122604.014,54894.133,1,35.0,1245.0,37.74,175.0,0x0000000000000000,Not Active,Not Active,Not Active,Not Active
1791122605.053,54895.172,0,36.0,1380.0,41.6,175.0,0x0000000000000000,Not Active,Not Active,Not Active,Not Active
1791122605.053,54895.172,1,35.0,1245.0,37.74,175.0,0x0000000000000000,Not Active,Not Active,Not Active,Not Active
1791122606.093,54896.213,0,36.0,1380.0,41.49,175.0,0x0000000000000000,Not Active,Not Active,Not Active,Not Active
1791122606.093,54896.213,1,35.0,1245.0,37.84,175.0,0x0000000000000000,Not Active,Not Active,Not Active,Not Active
1791122607.128,54897.248,0,36.0,1380.0,41.6,175.0,0x0000000000000000,Not Active,Not Active,Not Active,Not Active
1791122607.128,54897.248,1,35.0,1245.0,37.74,175.0,0x0000000000000000,Not Active,Not Active,Not Active,Not Active
1791122608.163,54898.283,0,36.0,1380.0,41.59,175.0,0x0000000000000000,Not Active,Not Active,Not Active,Not Active
1791122608.163,54898.283,1,35.0,1245.0,37.74,175.0,0x0000000000000000,Not Active,Not Active,Not Active,Not Active
1791122609.199,54899.319,0,36.0,1380.0,40.82,175.0,0x0000000000000000,Not Active,Not Active,Not Active,Not Active
1791122609.199,54899.319,1,35.0,1380.0,42.94,175.0,0x0000000000000000,Not Active,Not Active,Not Active,Not Active
1791122610.236,54900.355,0,36.0,1380.0,40.92,175.0,0x0000000000000000,Not Active,Not Active,Not Active,Not Active
1791122610.236,54900.355,1,35.0,1380.0,42.84,175.0,0x0000000000000000,Not Active,Not Active,Not Active,Not Active
1791122611.268,54901.388,0,36.0,1380.0,40.82,175.0,0x0000000000000000,Not Active,Not Active,Not Active,Not Active
1791122611.268,54901.388,1,35.0,1380.0,42.95,175.0,0x0000000000000000,Not Active,Not Active,Not Active,Not Active
1791122612.300,54902.419,0,36.0,1380.0,40.82,175.0,0x0000000000000000,Not Active,Not Active,Not Active,Not Active
1791122612.300,54902.419,1,35.0,1380.0,42.86,175.0,0x0000000000000000,Not Active,Not Active,Not Active,Not Active
1791122613.332,54903.451,0,36.0,1380.0,40.82,175.0,0x0000000000000000,Not Active,Not Active,Not Active,Not Active
1791122613.332,54903.451,1,35.0,1380.0,42.96,175.0,0x0000000000000000,Not Active,Not Active,Not Active,Not Active
1791122614.365,54904.485,0,36.0,1380.0,40.82,175.0,0x0000000000000000,Not Active,Not Active,Not Active,Not Active
1791122614.365,54904.485,1,35.0,1380.0,42.85,175.0,0x0000000000000000,Not Active,Not Active,Not Active,Not Active
1791122615.398,54905.518,0,36.0,1380.0,40.82,175.0,0x0000000000000000,Not Active,Not Active,Not Active,Not Active
1791122615.398,54905.518,1,35.0,1380.0,42.85,175.0,0x0000000000000000,Not Active,Not Active,Not Active,Not Active
1791122616.433,54906.552,0,36.0,1380.0,40.82,175.0,0x0000000000000000,Not Active,Not Active,Not Active,Not Active
1791122616.433,54906.552,1,35.0,1380.0,42.96,175.0,0x0000000000000000,Not Active,Not Active,Not Active,Not Active
1791122617.470,54907.590,0,36.0,1380.0,40.82,175.0,0x0000000000000000,Not Active,Not Active,Not Active,Not Active
1791122617.470,54907.590,1,35.0,1380.0,42.85,175.0,0x0000000000000000,Not Active,Not Active,Not Active,Not Active
1791122618.503,54908.623,0,36.0,1380.0,40.82,175.0,0x0000000000000000,Not Active,Not Active,Not Active,Not Active
1791122618.503,54908.623,1,35.0,1380.0,42.96,175.0,0x0000000000000000,Not Active,Not Active,Not Active,Not Active
1791122619.536,54909.656,0,36.0,1380.0,40.82,175.0,0x0000000000000000,Not Active,Not Active,Not Active,Not Active
1791122619.536,54909.656,1,35.0,1380.0,42.95,175.0,0x0000000000000000,Not Active,Not Active,Not Active,Not Active
1791122620.569,54910.689,0,36.0,1380.0,40.82,175.0,0x0000000000000000,Not Active,Not Active,Not Active,Not Active
1791122620.569,54910.689,1,36.0,1380.0,42.95,175.0,0x0000000000000000,Not Active,Not Active,Not Active,Not Active
1791122621.603,54911.723,0,39.0,1380.0,92.13,175.0,0x0000000000000000,Not Active,Not Active,Not Active,Not Active
1791122621.603,54911.723,1,35.0,1380.0,43.09,175.0,0x0000000000000000,Not Active,Not Active,Not Active,Not Active
1791122622.641,54912.761,0,38.0,1380.0,42.09,175.0,0x0000000000000000,Not Active,Not Active,Not Active,Not Active
1791122622.641,54912.761,1,38.0,1380.0,160.11,175.0,0x0000000000000000,Not Active,Not Active,Not Active,Not Active
1791122623.681,54913.801,0,37.0,1380.0,41.03,175.0,0x0000000000000000,Not Active,Not Active,Not Active,Not Active
1791122623.681,54913.801,1,40.0,1380.0,149.71,175.0,0x0000000000000000,Not Active,Not Active,Not Active,Not Active
1791122624.715,54914.835,0,37.0,1380.0,41.02,175.0,0x0000000000000000,Not Active,Not Active,Not Active,Not Active
1791122624.715,54914.835,1,37.0,1380.0,43.82,175.0,0x0000000000000000,Not Active,Not Active,Not Active,Not Active
1791122625.749,54915.868,0,36.0,1245.0,35.42,175.0,0x0000000000000000,Not Active,Not Active,Not Active,Not Active
1791122625.749,54915.868,1,37.0,1380.0,43.73,175.0,0x0000000000000000,Not Active,Not Active,Not Active,Not Active
1791122626.783,54916.903,0,36.0,1245.0,35.9,175.0,0x0000000000000000,Not Active,Not Active,Not Active,Not Active
1791122626.783,54916.903,1,36.0,1380.0,43.72,175.0,0x0000000000000000,Not Active,Not Active,Not Active,Not Active
1791122627.817,54917.936,0,36.0,1245.0,36.0,175.0,0x0000000000000000,Not Active,Not Active,Not Active,Not Active
1791122627.817,54917.936,1,36.0,1380.0,43.62,175.0,0x0000000000000000,Not Active,Not Active,Not Active,Not Active
1791122628.851,54918.971,0,36.0,1245.0,35.91,175.0,0x0000000000000000,Not Active,Not Active,Not Active,Not Active
1791122628.851,54918.971,1,36.0,1380.0,43.72,175.0,0x0000000000000000,Not Active,Not Active,Not Active,Not Active
1791122629.888,54920.008,0,36.0,1245.0,36.0,175.0,0x0000000000000000,Not Active,Not Active,Not Active,Not Active
1791122629.888,54920.008,1,36.0,1380.0,43.62,175.0,0x0000000000000000,Not Active,Not Active,Not Active,Not Active
1791122630.923,54921.043,0,36.0,1245.0,36.0,175.0,0x0000000000000000,Not Active,Not Active,Not Active,Not Active
1791122630.923,54921.043,1,36.0,1380.0,43.72,175.0,0x0000000000000000,Not Active,Not Active,Not Active,Not Active
1791122631.956,54922.076,0,36.0,1245.0,35.91,175.0,0x0000000000000000,Not Active,Not Active,Not Active,Not Active
1791122631.956,54922.076,1,36.0,1380.0,43.62,175.0,0x0000000000000000,Not Active,Not Active,Not Active,Not Active
1791122632.991,54923.111,0,36.0,1245.0,35.91,175.0,0x0000000000000000,Not Active,Not Active,Not Active,Not Active
1791122632.991,54923.111,1,36.0,1380.0,43.62,175.0,0x0000000000000000,Not Active,Not Active,Not Active,Not Active
1791122634.028,54924.148,0,36.0,1245.0,35.91,175.0,0x0000000000000000,Not Active,Not Active,Not Active,Not Active
1791122634.028,54924.148,1,36.0,1380.0,43.62,175.0,0x0000000000000000,Not Active,Not Active,Not Active,Not Active
1791122635.062,54925.182,0,39.0,1380.0,83.53,175.0,0x0000000000000000,Not Active,Not Active,Not Active,Not Active
1791122635.062,54925.182,1,36.0,1245.0,37.6,175.0,0x0000000000000000,Not Active,Not Active,Not Active,Not Active
1791122636.099,54926.218,0,37.0,1380.0,42.27,175.0,0x0000000000000000,Not Active,Not Active,Not Active,Not Active
1791122636.099,54926.218,1,39.0,1372.0,140.1,175.0,0x0000000000000004,Not Active,Not Active,Not Active,Active
1791122637.137,54927.257,0,37.0,1380.0,51.56,175.0,0x0000000000000000,Not Active,Not Active,Not Active,Not Active
1791122637.137,54927.257,1,39.0,1380.0,83.4,175.0,0x0000000000000000,Not Active,Not Active,Not Active,Not Active
1791122638.178,54928.297,0,37.0,1380.0,46.06,175.0,0x0000000000000000,Not Active,Not Active,Not Active,Not Active
1791122638.178,54928.297,1,38.0,1380.0,102.59,175.0,0x0000000000000000,Not Active,Not Active,Not Active,Not Active
1791122639.210,54929.330,0,37.0,1380.0,41.31,175.0,0x0000000000000000,Not Active,Not Active,Not Active,Not Active
1791122639.210,54929.330,1,38.0,1380.0,44.3,175.0,0x0000000000000000,Not Active,Not Active,Not Active,Not Active
1791122640.243,54930.363,0,37.0,1380.0,41.02,175.0,0x0000000000000000,Not Active,Not Active,Not Active,Not Active
1791122640.243,54930.363,1,37.0,1380.0,44.01,175.0,0x0000000000000000,Not Active,Not Active,Not Active,Not Active
1791122641.276,54931.396,0,37.0,1380.0,41.11,175.0,0x0000000000000000,Not Active,Not Active,Not Active,Not Active
1791122641.276,54931.396,1,37.0,1380.0,44.01,175.0,0x0000000000000000,Not Active,Not Active,Not Active,Not Active
1791122642.309,54932.429,0,37.0,1380.0,41.21,175.0,0x0000000000000000,Not Active,Not Active,Not Active,Not Active
1791122642.309,54932.429,1,37.0,1380.0,43.92,175.0,0x0000000000000000,Not Active,Not Active,Not Active,Not Active
1791122643.342,54933.462,0,37.0,1380.0,41.11,175.0,0x0000000000000000,Not Active,Not Active,Not Active,Not Active
1791122643.342,54933.462,1,37.0,1380.0,43.92,175.0,0x0000000000000000,Not Active,Not Active,Not Active,Not Active
1791122644.378,54934.498,0,37.0,1380.0,41.02,175.0,0x0000000000000000,Not Active,Not Active,Not Active,Not Active
1791122644.378,54934.498,1,37.0,1380.0,44.01,175.0,0x0000000000000000,Not Active,Not Active,Not Active,Not Active
1791122645.411,54935.531,0,37.0,1380.0,41.02,175.0,0x0000000000000000,Not Active,Not Active,Not Active,Not Active
1791122645.411,54935.531,1,37.0,1380.0,43.92,175.0,0x0000000000000000,Not Active,Not Active,Not Active,Not Active
1791122646.445,54936.564,0,37.0,1380.0,41.11,175.0,0x0000000000000000,Not Active,Not Active,Not Active,Not Active
1791122646.445,54936.564,1,37.0,1380.0,44.01,175.0,0x0000000000000000,Not Active,Not Active,Not Active,Not Active
1791122647.478,54937.598,0,37.0,1380.0,41.11,175.0,0x0000000000000000,Not Active,Not Active,Not Active,Not Active
1791122647.478,54937.598,1,37.0,1380.0,43.92,175.0,0x0000000000000000,Not Active,Not Active,Not Active,Not Active
1791122648.512,54938.632,0,37.0,1380.0,41.02,175.0,0x0000000000000000,Not Active,Not Active,Not Active,Not Active
1791122648.512,54938.632,1,37.0,1380.0,44.01,175.0,0x0000000000000000,Not Active,Not Active,Not Active,Not Active
1791122649.552,54939.672,0,40.0,1342.0,130.69,175.0,0x0000000000000000,Not Active,Not Active,Not Active,Not Active
1791122649.552,54939.672,1,37.0,1380.0,43.85,175.0,0x0000000000000000,Not Active,Not Active,Not Active,Not Active
1791122650.591,54940.711,0,41.0,1267.0,100.41,175.0,0x0000000000000000,Not Active,Not Active,Not Active,Not Active
1791122650.591,54940.711,1,37.0,1380.0,44.17,175.0,0x0000000000000000,Not Active,Not Active,Not Active,Not Active
1791122651.626,54941.745,0,40.0,1365.0,41.4,175.0,0x0000000000000000,Not Active,Not Active,Not Active,Not Active
1791122651.626,54941.745,1,37.0,1380.0,44.0,175.0,0x0000000000000000,Not Active,Not Active,Not Active,Not Active
1791122652.673,54942.793,0,38.0,1380.0,42.26,175.0,0x0000000000000000,Not Active,Not Active,Not Active,Not Active
1791122652.673,54942.793,1,42.0,1312.0,169.62,175.0,0x0000000000000000,Not Active,Not Active,Not Active,Not Active
1791122653.714,54943.834,0,38.0,1380.0,41.38,175.0,0x0000000000000000,Not Active,Not Active,Not Active,Not Active
1791122653.714,54943.834,1,43.0,1192.0,190.17,175.0,0x0000000000000004,Not Active,Not Active,Not Active,Active
1791122654.764,54944.884,0,38.0,1380.0,70.64,175.0,0x0000000000000000,Not Active,Not Active,Not Active,Not Active
1791122654.764,54944.884,1,41.0,1380.0,71.58,175.0,0x0000000000000000,Not Active,Not Active,Not Active,Not Active
1791122655.806,54945.926,0,39.0,1380.0,70.06,175.0,0x0000000000000000,Not Active,Not Active,Not Active,Not Active
1791122655.806,54945.926,1,40.0,1380.0,102.42,175.0,0x0000000000000000,Not Active,Not Active,Not Active,Not Active
1791122656.843,54946.963,0,38.0,1380.0,41.5,175.0,0x0000000000000000,Not Active,Not Active,Not Active,Not Active
1791122656.843,54946.963,1,39.0,1380.0,44.49,175.0,0x0000000000000000,Not Active,Not Active,Not Active,Not Active
1791122657.877,54947.997,0,38.0,1380.0,41.4,175.0,0x0000000000000000,Not Active,Not Active,Not Active,Not Active
1791122657.877,54947.997,1,39.0,1380.0,44.3,175.0,0x0000000000000000,Not Active,Not Active,Not Active,Not Active
1791122658.912,54949.031,0,38.0,1380.0,41.31,175.0,0x0000000000000000,Not Active,Not Active,Not Active,Not Active
1791122658.912,54949.031,1,39.0,1380.0,44.3,175.0,0x0000000000000000,Not Active,Not Active,Not Active,Not Active
1791122659.948,54950.067,0,38.0,1380.0,41.31,175.0,0x0000000000000000,Not Active,Not Active,Not Active,Not Active
1791122659.948,54950.067,1,39.0,1380.0,44.31,175.0,0x0000000000000000,Not Active,Not Active,Not Active,Not Active
1791122660.981,54951.101,0,38.0,1380.0,41.31,175.0,0x0000000000000000,Not Active,Not Active,Not Active,Not Active
1791122660.981,54951.101,1,39.0,1380.0,44.21,175.0,0x0000000000000000,Not Active,Not Active,Not Active,Not Active
1791122662.014,54952.134,0,38.0,1380.0,41.31,175.0,0x0000000000000000,Not Active,Not Active,Not Active,Not Active
1791122662.014,54952.134,1,39.0,1380.0,44.1,175.0,0x0000000000000000,Not Active,Not Active,Not Active,Not Active
1791122663.050,54953.170,0,38.0,1380.0,41.3,175.0,0x0000000000000000,Not Active,Not Active,Not Active,Not Active
1791122663.050,54953.170,1,39.0,1380.0,44.2,175.0,0x0000000000000000,Not Active,Not Active,Not Active,Not Active
1791122664.084,54954.204,0,38.0,1380.0,41.31,175.0,0x0000000000000000,Not Active,Not Active,Not Active,Not Active
1791122664.084,54954.204,1,39.0,1380.0,44.3,175.0,0x0000000000000000,Not Active,Not Active,Not Active,Not Active
1791122665.117,54955.237,0,38.0,1380.0,41.3,175.0,0x0000000000000000,Not Active,Not Active,Not Active,Not Active
1791122665.117,54955.237,1,39.0,1380.0,44.3,175.0,0x0000000000000000,Not Active,Not Active,Not Active,Not Active
1791122666.151,54956.271,0,38.0,1380.0,41.21,175.0,0x0000000000000000,Not Active,Not Active,Not Active,Not Active
1791122666.151,54956.271,1,38.0,1380.0,44.21,175.0,0x0000000000000000,Not Active,Not Active,Not Active,Not Active
1791122667.194,54957.314,0,41.0,1282.0,86.57,175.0,0x0000000000000000,Not Active,Not Active,Not Active,Not Active
1791122667.194,54957.314,1,39.0,1380.0,44.06,175.0,0x0000000000000000,Not Active,Not Active,Not Active,Not Active
1791122668.230,54958.350,0,42.0,1267.0,86.67,175.0,0x0000000000000000,Not Active,Not Active,Not Active,Not Active
1791122668.230,54958.350,1,38.0,1380.0,44.34,175.0,0x0000000000000000,Not Active,Not Active,Not Active,Not Active
1791122669.275,54959.394,0,40.0,1380.0,41.96,175.0,0x0000000000000000,Not Active,Not Active,Not Active,Not Active
1791122669.275,54959.394,1,41.0,1245.0,168.12,175.0,0x0000000000000000,Not Active,Not Active,Not Active,Not Active
1791122670.321,54960.440,0,39.0,1380.0,41.77,175.0,0x0000000000000000,Not Active,Not Active,Not Active,Not Active
1791122670.321,54960.440,1,43.0,1245.0,186.45,175.0,0x0000000000000004,Not Active,Not Active,Not Active,Active
1791122671.355,54961.475,0,39.0,1380.0,41.71,175.0,0x0000000000000000,Not Active,Not Active,Not Active,Not Active
1791122671.355,54961.475,1,44.0,1237.0,132.9,175.0,0x0000000000000000,Not Active,Not Active,Not Active,Not Active
1791122672.397,54962.517,0,39.0,1380.0,54.03,175.0,0x0000000000000000,Not Active,Not Active,Not Active,Not Active
1791122672.397,54962.517,1,42.0,1380.0,102.2,175.0,0x0000000000000000,Not Active,Not Active,Not Active,Not Active
1791122673.442,54963.562,0,40.0,1380.0,56.43,175.0,0x0000000000000000,Not Active,Not Active,Not Active,Not Active
1791122673.442,54963.562,1,42.0,1380.0,109.12,175.0,0x0000000000000000,Not Active,Not Active,Not Active,Not Active
1791122674.480,54964.600,0,39.0,1380.0,41.6,175.0,0x0000000000000000,Not Active,Not Active,Not Active,Not Active
1791122674.480,54964.600,1,41.0,1380.0,45.65,175.0,0x0000000000000000,Not Active,Not Active,Not Active,Not Active
1791122675.515,54965.635,0,39.0,1380.0,41.6,175.0,0x0000000000000000,Not Active,Not Active,Not Active,Not Active
1791122675.515,54965.635,1,40.0,1380.0,45.56,175.0,0x0000000000000000,Not Active,Not Active,Not Active,Not Active
1791122676.555,54966.674,0,38.0,1380.0,41.6,175.0,0x0000000000000000,Not Active,Not Active,Not Active,Not Active
1791122676.555,54966.674,1,40.0,1380.0,45.46,175.0,0x0000000000000000,Not Active,Not Active,Not Active,Not Active
1791122677.588,54967.708,0,38.0,1245.0,36.37,175.0,0x0000000000000000,Not Active,Not Active,Not Active,Not Active
1791122677.588,54967.708,1,40.0,1380.0,45.46,175.0,0x0000000000000000,Not Active,Not Active,Not Active,Not Active
1791122678.622,54968.742,0,38.0,1245.0,36.47,175.0,0x0000000000000000,Not Active,Not Active,Not Active,Not Active
1791122678.622,54968.742,1,40.0,1380.0,45.37,175.0,0x0000000000000000,Not Active,Not Active,Not Active,Not Active
1791122679.656,54969.776,0,38.0,1245.0,36.39,175.0,0x0000000000000000,Not Active,Not Active,Not Active,Not Active
1791122679.656,54969.776,1,40.0,1380.0,45.37,175.0,0x0000000000000000,Not Active,Not Active,Not Active,Not Active
1791122680.689,54970.809,0,38.0,1245.0,36.28,175.0,0x0000000000000000,Not Active,Not Active,Not Active,Not Active
1791122680.689,54970.809,1,40.0,1380.0,45.37,175.0,0x0000000000000000,Not Active,Not Active,Not Active,Not Active
1791122681.723,54971.843,0,38.0,1245.0,36.28,175.0,0x0000000000000000,Not Active,Not Active,Not Active,Not Active
1791122681.723,54971.843,1,40.0,1380.0,45.37,175.0,0x0000000000000000,Not Active,Not Active,Not Active,Not Active
1791122682.759,54972.879,0,38.0,1245.0,36.29,175.0,0x0000000000000000,Not Active,Not Active,Not Active,Not Active
1791122682.759,54972.879,1,39.0,1245.0,38.9,175.0,0x0000000000000000,Not Active,Not Active,Not Active,Not Active
1791122683.793,54973.913,0,38.0,1245.0,36.2,175.0,0x0000000000000000,Not Active,Not Active,Not Active,Not Active
1791122683.793,54973.913,1,39.0,1245.0,38.9,175.0,0x0000000000000000,Not Active,Not Active,Not Active,Not Active
1791122684.833,54974.952,0,41.0,1245.0,116.72,175.0,0x0000000000000000,Not Active,Not Active,Not Active,Not Active
1791122684.833,54974.952,1,39.0,1245.0,38.79,175.0,0x0000000000000000,Not Active,Not Active,Not Active,Not Active
1791122685.873,54975.992,0,43.0,1365.0,103.42,175.0,0x0000000000000000,Not Active,Not Active,Not Active,Not Active
1791122685.873,54975.992,1,39.0,1245.0,38.77,175.0,0x0000000000000000,Not Active,Not Active,Not Active,Not Active
1791122686.929,54977.049,0,43.0,1230.0,142.95,175.0,0x0000000000000000,Not Active,Not Active,Not Active,Not Active
1791122686.929,54977.049,1,43.0,1245.0,182.88,175.0,0x0000000000000004,Not Active,Not Active,Not Active,Active
1791122687.977,54978.097,0,43.0,1267.0,152.13,175.0,0x0000000000000004,Not Active,Not Active,Not Active,Active
1791122687.977,54978.097,1,44.0,1207.0,145.25,175.0,0x0000000000000000,Not Active,Not Active,Not Active,Not Active
1791122689.024,54979.144,0,43.0,1267.0,141.34,175.0,0x0000000000000000,Not Active,Not Active,Not Active,Not Active
1791122689.024,54979.144,1,45.0,1365.0,144.89,175.0,0x0000000000000000,Not Active,Not Active,Not Active,Not Active
1791122690.071,54980.191,0,43.0,1282.0,83.93,175.0,0x0000000000000000,Not Active,Not Active,Not Active,Not Active
1791122690.071,54980.191,1,46.0,1237.0,163.62,175.0,0x0000000000000000,Not Active,Not Active,Not Active,Not Active
1791122691.226,54981.346,0,44.0,1245.0,84.1,175.0,0x0000000000000000,Not Active,Not Active,Not Active,Not Active
1791122691.226,54981.346,1,46.0,1200.0,151.09,175.0,0x0000000000000000,Not Active,Not Active,Not Active,Not Active
1791122692.277,54982.397,0,43.0,1267.0,158.13,175.0,0x0000000000000000,Not Active,Not Active,Not Active,Not Active
1791122692.277,54982.397,1,46.0,1245.0,156.34,175.0,0x0000000000000000,Not Active,Not Active,Not Active,Not Active
1791122693.325,54983.444,0,44.0,1245.0,171.55,175.0,0x0000000000000000,Not Active,Not Active,Not Active,Not Active
1791122693.325,54983.444,1,47.0,1245.0,154.4,175.0,0x0000000000000000,Not Active,Not Active,Not Active,Not Active
1791122694.370,54984.489,0,44.0,1245.0,59.88,175.0,0x0000000000000000,Not Active,Not Active,Not Active,Not Active
1791122694.370,54984.489,1,47.0,1245.0,205.67,175.0,0x0000000000000000,Not Active,Not Active,Not Active,Not Active
1791122695.406,54985.526,0,42.0,1380.0,43.02,175.0,0x0000000000000000,Not Active,Not Active,Not Active,Not Active
1791122695.406,54985.526,1,47.0,1245.0,167.03,175.0,0x0000000000000000,Not Active,Not Active,Not Active,Not Active
1791122696.455,54986.575,0,41.0,1380.0,42.34,175.0,0x0000000000000000,Not Active,Not Active,Not Active,Not Active
1791122696.455,54986.575,1,48.0,1177.0,168.2,175.0,0x0000000000000000,Not Active,Not Active,Not Active,Not Active
1791122697.493,54987.613,0,41.0,1380.0,42.15,175.0,0x0000000000000000,Not Active,Not Active,Not Active,Not Active
1791122697.493,54987.613,1,48.0,1177.0,184.34,175.0,0x0000000000000004,Not Active,Not Active,Not Active,Active
1791122698.532,54988.652,0,41.0,1380.0,93.67,175.0,0x0000000000000000,Not Active,Not Active,Not Active,Not Active
1791122698.532,54988.652,1,46.0,1380.0,96.37,175.0,0x0000000000000000,Not Active,Not Active,Not Active,Not Active
1791122699.576,54989.696,0,42.0,1380.0,57.32,175.0,0x0000000000000000,Not Active,Not Active,Not Active,Not Active
1791122699.576,54989.696,1,46.0,1380.0,72.48,175.0,0x0000000000000000,Not Active,Not Active,Not Active,Not Active
1791122700.610,54990.730,0,41.0,1380.0,42.18,175.0,0x0000000000000000,Not Active,Not Active,Not Active,Not Active
1791122700.610,54990.730,1,44.0,1380.0,46.03,175.0,0x0000000000000000,Not Active,Not Active,Not Active,Not Active
1791122701.646,54991.766,0,41.0,1380.0,42.17,175.0,0x0000000000000000,Not Active,Not Active,Not Active,Not Active
1791122701.646,54991.766,1,44.0,1380.0,45.94,175.0,0x0000000000000000,Not Active,Not Active,Not Active,Not Active
1791122702.680,54992.799,0,41.0,1380.0,42.07,175.0,0x0000000000000000,Not Active,Not Active,Not Active,Not Active
1791122702.680,54992.799,1,44.0,1380.0,45.94,175.0,0x0000000000000000,Not Active,Not Active,Not Active,Not Active
1791122703.716,54993.836,0,41.0,1380.0,42.07,175.0,0x0000000000000000,Not Active,Not Active,Not Active,Not Active
1791122703.716,54993.836,1,43.0,1380.0,45.84,175.0,0x0000000000000000,Not Active,Not Active,Not Active,Not Active
1791122704.749,54994.869,0,41.0,1380.0,42.08,175.0,0x0000000000000000,Not Active,Not Active,Not Active,Not Active
1791122704.749,54994.869,1,43.0,1380.0,45.74,175.0,0x0000000000000000,Not Active,Not Active,Not Active,Not Active
1791122705.789,54995.909,0,41.0,1380.0,42.16,175.0,0x0000000000000000,Not Active,Not Active,Not Active,Not Active
1791122705.789,54995.909,1,43.0,1380.0,45.84,175.0,0x0000000000000000,Not Active,Not Active,Not Active,Not Active
1791122706.822,54996.942,0,41.0,1380.0,42.08,175.0,0x0000000000000000,Not Active,Not Active,Not Active,Not Active
1791122706.822,54996.942,1,43.0,1380.0,45.74,175.0,0x0000000000000000,Not Active,Not Active,Not Active,Not Active
1791122707.856,54997.976,0,40.0,1380.0,42.06,175.0,0x0000000000000000,Not Active,Not Active,Not Active,Not Active
1791122707.856,54997.976,1,43.0,1380.0,45.74,175.0,0x0000000000000000,Not Active,Not Active,Not Active,Not Active
1791122708.889,54999.009,0,40.0,1380.0,42.08,175.0,0x0000000000000000,Not Active,Not Active,Not Active,Not Active
1791122708.889,54999.009,1,43.0,1380.0,45.74,175.0,0x0000000000000000,Not Active,Not Active,Not Active,Not Active
1791122709.928,55000.048,0,42.0,1252.0,51.89,175.0,0x0000000000000000,Not Active,Not Active,Not Active,Not Active
1791122709.928,55000.048,1,43.0,1380.0,45.74,175.0,0x0000000000000000,Not Active,Not Active,Not Active,Not Active
1791122710.967,55001.086,0,43.0,1245.0,76.5,175.0,0x0000000000000000,Not Active,Not Active,Not Active,Not Active
1791122710.967,55001.086,1,43.0,1380.0,45.83,175.0,0x0000000000000000,Not Active,Not Active,Not Active,Not Active
1791122712.008,55002.128,0,44.0,1365.0,179.57,175.0,0x0000000000000004,Not Active,Not Active,Not Active,Active
1791122712.008,55002.128,1,43.0,1380.0,45.22,175.0,0x0000000000000000,Not Active,Not Active,Not Active,Not Active
1791122713.061,55003.180,0,44.0,1372.0,194.49,175.0,0x0000000000000004,Not Active,Not Active,Not Active,Active
1791122713.061,55003.180,1,47.0,1282.0,185.4,175.0,0x0000000000000000,Not Active,Not Active,Not Active,Not Active
1791122714.117,55004.237,0,45.0,1357.0,216.47,175.0,0x0000000000000004,Not Active,Not Active,Not Active,Active
1791122714.117,55004.237,1,48.0,1177.0,151.71,175.0,0x0000000000000004,Not Active,Not Active,Not Active,Active
1791122715.157,55005.277,0,43.0,1380.0,43.13,175.0,0x0000000000000000,Not Active,Not Active,Not Active,Not Active
1791122715.157,55005.277,1,48.0,1267.0,159.74,175.0,0x0000000000000000,Not Active,Not Active,Not Active,Not Active
1791122716.209,55006.329,0,46.0,1245.0,133.23,175.0,0x0000000000000000,Not Active,Not Active,Not Active,Not Active
1791122716.209,55006.329,1,49.0,1147.0,141.51,175.0,0x0000000000000000,Not Active,Not Active,Not Active,Not Active
1791122717.253,55007.373,0,45.0,1260.0,77.63,175.0,0x0000000000000000,Not Active,Not Active,Not Active,Not Active
1791122717.253,55007.373,1,50.0,1312.0,221.33,175.0,0x0000000000000004,Not Active,Not Active,Not Active,Active
1791122718.308,55008.428,0,46.0,1177.0,134.79,175.0,0x0000000000000000,Not Active,Not Active,Not Active,Not Active
1791122718.308,55008.428,1,50.0,1320.0,168.4,175.0,0x0000000000000000,Not Active,Not Active,Not Active,Not Active
1791122719.350,55009.469,0,45.0,1252.0,113.51,175.0,0x0000000000000000,Not Active,Not Active,Not Active,Not Active
1791122719.350,55009.469,1,50.0,1245.0,134.66,175.0,0x0000000000000000,Not Active,Not Active,Not Active,Not Active
1791122720.390,55010.509,0,46.0,1245.0,92.46,175.0,0x0000000000000000,Not Active,Not Active,Not Active,Not Active
1791122720.390,55010.509,1,50.0,1245.0,188.68,175.0,0x0000000000000000,Not Active,Not Active,Not Active,Not Active
1791122721.425,55011.545,0,44.0,1380.0,43.91,175.0,0x0000000000000000,Not Active,Not Active,Not Active,Not Active
1791122721.425,55011.545,1,51.0,1192.0,157.23,175.0,0x0000000000000004,Not Active,Not Active,Not Active,Active
1791122722.471,55012.590,0,43.0,1380.0,43.02,175.0,0x0000000000000000,Not Active,Not Active,Not Active,Not Active
1791122722.471,55012.590,1,51.0,1230.0,179.08,175.0,0x0000000000000004,Not Active,Not Active,Not Active,Active
1791122723.506,55013.626,0,43.0,1380.0,43.05,175.0,0x0000000000000000,Not Active,Not Active,Not Active,Not Active
1791122723.506,55013.626,1,51.0,1305.0,141.23,175.0,0x0000000000000000,Not Active,Not Active,Not Active,Not Active
1791122724.545,55014.665,0,43.0,1380.0,57.51,175.0,0x0000000000000000,Not Active,Not Active,Not Active,Not Active
1791122724.545,55014.665,1,49.0,1380.0,90.65,175.0,0x0000000000000000,Not Active,Not Active,Not Active,Not Active
1791122725.579,55015.699,0,43.0,1380.0,46.31,175.0,0x0000000000000000,Not Active,Not Active,Not Active,Not Active
1791122725.579,55015.699,1,48.0,1380.0,47.58,175.0,0x0000000000000000,Not Active,Not Active,Not Active,Not Active
1791122726.615,55016.735,0,43.0,1380.0,42.83,175.0,0x0000000000000000,Not Active,Not Active,Not Active,Not Active
1791122726.615,55016.735,1,47.0,1380.0,50.56,175.0,0x0000000000000000,Not Active,Not Active,Not Active,Not Active
