t,rss_mib,mem_used_mib
1791346934,18750,3261
1791346936,20978,3418
1791346938,21644,3450
1791346940,22590,3454
1791346942,23566,3464
1791346944,24124,3470
1791346946,24101,3452
1791346948,24246,3448
1791346950,24531,3430
1791346952,24857,3420
1791346954,25155,3417
1791346956,25536,3409
1791346958,25881,3402
1791346960,25986,3394
1791346962,26009,3389
1791346964,26019,3384
1791346966,26133,3501
1791346968,26138,3502
1791346970,26140,3501
1791346972,26141,3502
1791346974,26141,3502
1791346976,26255,3624
1791346978,26255,3624
1791346980,26031,3461
1791346982,26150,3511
1791346984,26151,3510
1791346987,26152,3512
1791346989,26040,3430
1791346991,26040,3419
1791346993,26044,3413
1791346995,26048,3408
1791346997,26049,3411
1791346999,26049,3405
1791347001,26050,3399
1791347003,26052,3397
1791347005,26052,3397
1791347007,26052,3395
1791347009,26164,3518
1791347011,26164,3515
1791347013,26165,3517
1791347015,26165,3517
1791347017,26278,3633
1791347019,26278,3636
1791347021,26054,3480
1791347023,26166,3520
1791347025,26166,3520
1791347027,26166,3521
1791347029,26055,3427
1791347031,26055,3420
1791347033,26055,3411
1791347035,26056,3408
1791347037,26056,3406
1791347039,26056,3408
1791347041,26057,3406
1791347043,26057,3403
1791347045,26057,3400
1791347047,26057,3397
1791347049,26169,3514
1791347051,26169,3522
1791347053,26169,3523
1791347055,26169,3524
1791347057,26169,3525
1791347059,26282,3634
1791347061,26282,3636
1791347063,26058,3471
1791347065,26061,3455
1791347067,26074,3442
1791347069,26079,3432
1791347071,26088,3427
1791347073,26099,3422
1791347075,26103,3415
1791347077,26104,3414
1791347079,26104,3414
1791347081,26106,3413
1791347083,26108,3412
1791347085,26112,3408
1791347087,26112,3409
1791347089,26225,3524
1791347092,26225,3523
1791347094,26232,3526
1791347096,26233,3526
1791347098,26236,3524
1791347100,26236,3523
1791347102,26239,3524
1791347104,26239,3528
1791347106,26241,3525
1791347108,26241,3525
1791347110,26241,3522
1791347112,26241,3520
1791347114,26241,3522
1791347116,26354,3639
1791347118,26354,3639
1791347120,26246,3604
1791347122,26246,3587
1791347124,26246,3579
1791347126,26246,3567
1791347128,26246,3559
1791347130,26246,3553
1791347132,26249,3551
1791347134,26249,3553
1791347136,26249,3548
1791347138,26249,3543
1791347140,26249,3541
1791347142,26249,3539
1791347144,26363,3663
1791347146,26363,3665
1791347148,26364,3665
1791347150,26365,3664
1791347152,26365,3664
1791347154,26366,3663
1791347156,26367,3664
1791347158,26367,3664
1791347160,26367,3660
1791347162,26367,3657
1791347164,26367,3656
1791347166,26367,3656
1791347168,26367,3655
1791347170,26369,3654
1791347172,26482,3779
1791347174,26482,3779
1791347176,26482,3784
1791347178,26482,3784
1791347180,26482,3781
1791347182,26484,3780
1791347184,26484,3779
1791347186,26484,3778
1791347188,26484,3774
1791347190,26484,3771
1791347192,26484,3769
1791347194,26484,3767
1791347196,26484,3768
1791347198,26597,3885
1791347201,26597,3885
1791347203,26597,3883
1791347205,26597,3882
1791347207,26597,3880
1791347209,26597,3887
1791347211,26598,3886
1791347213,26598,3885
1791347215,26598,3886
1791347217,26598,3886
1791347219,26598,3889
1791347221,26598,3887
1791347223,26598,3884
1791347225,26598,3882
1791347227,26711,3996
1791347229,26711,3999
1791347231,26711,4000
1791347233,26711,3998
1791347235,26711,3996
1791347237,26711,3997
1791347239,26712,3998
1791347241,26712,3998
1791347243,26712,3996
1791347245,26712,3996
1791347247,26712,3995
1791347249,26712,3994
1791347251,26712,3998
1791347253,26712,3998
1791347255,26825,4120
1791347257,26825,4119
1791347259,26825,4120
1791347261,26825,4123
1791347263,26825,4120
1791347265,26825,4119
1791347267,26825,4119
1791347269,26825,4121
1791347271,26825,4121
1791347273,26825,4118
1791347275,26825,4112
1791347277,26825,4112
1791347279,26826,4108
1791347281,26826,4115
1791347283,26826,4227
1791347285,26826,4211
1791347287,26826,4198
1791347289,26826,4182
1791347291,26826,4160
1791347293,26826,4151
1791347295,26826,4138
1791347297,26826,4129
1791347299,26826,4123
1791347301,26826,4119
1791347303,26826,4118
1791347306,26827,4227
1791347308,26828,4210
1791347310,0,1403
1791347312,0,1436
1791347314,0,1406
1791347316,0,1404
