mode,workload,api,sampled,repeat,stream,wall_s,first_text_delta_s,generated,prompt_ms,decode_ms,reused,drafts_offered,drafts_accepted
target,digits,responses,False,0,False,1.4876331359992037,,20,235.3,1249.0,20,0,0
target,digits,responses,False,0,True,1.4594231099981698,0.24113437599589815,20,213.1,1242.1,20,0,0
target,digits,responses,False,1,True,1.462326437002048,0.24263704400073038,20,213.2,1245.0,20,0,0
target,digits,responses,False,1,False,1.477120928997465,,20,213.0,1260.8,20,0,0
target,digits,responses,False,2,False,1.4639706689995364,,20,215.2,1245.5,20,0,0
target,digits,responses,False,2,True,1.4605993709992617,0.2411098909942666,20,212.8,1243.6,20,0,0
target,digits,responses,False,3,True,1.4576823879979202,0.24097551999875577,20,213.0,1240.7,20,0,0
target,digits,responses,False,3,False,1.4589206949967775,,20,213.2,1242.5,20,0,0
target,digits,responses,False,4,False,1.4618143430052442,,20,212.5,1246.1,20,0,0
target,digits,responses,False,4,True,1.4576018989973818,0.2405406999969273,20,212.6,1241.1,20,0,0
target,digits,responses,False,5,True,1.4650379070008057,0.2420903759993962,20,213.8,1247.0,20,0,0
target,digits,responses,False,5,False,1.45707322400267,,20,213.6,1240.1,20,0,0
target,repeats,responses,False,0,False,2.0957683860033285,,34,198.2,1894.4,22,0,0
target,repeats,responses,False,0,True,2.090530765002768,0.2202541000006022,34,190.9,1895.5,22,0,0
target,repeats,responses,False,1,True,2.088631537000765,0.21980389099917375,34,190.8,1893.8,22,0,0
target,repeats,responses,False,1,False,2.090347452998685,,34,191.5,1895.5,22,0,0
target,repeats,responses,False,2,False,2.0896278639993398,,34,191.1,1895.4,22,0,0
target,repeats,responses,False,2,True,2.0918441100002383,0.22059078700112877,34,191.5,1896.2,22,0,0
target,repeats,responses,False,3,True,2.0904954290017486,0.21992905500519555,34,190.7,1895.8,22,0,0
target,repeats,responses,False,3,False,2.08828363000066,,34,191.0,1894.0,22,0,0
target,repeats,responses,False,4,False,2.0908770300011383,,34,190.7,1896.9,22,0,0
target,repeats,responses,False,4,True,2.0913035529956687,0.220119147998048,34,191.2,1896.0,22,0,0
target,repeats,responses,False,5,True,2.089693164001801,0.22067270999832544,34,191.6,1893.9,22,0,0
target,repeats,responses,False,5,False,2.0904995870005223,,34,190.9,1896.3,22,0,0
target,sampled-repeats,chat,True,0,False,2.0901651429958292,,34,190.7,1896.4,22,0,0
target,sampled-repeats,chat,True,0,True,2.088622852003027,0.21909003199834842,34,191.0,1894.6,22,0,0
target,sampled-repeats,chat,True,1,True,2.088833774003433,0.21943197899963707,34,191.1,1894.7,22,0,0
target,sampled-repeats,chat,True,1,False,2.0880144689945155,,34,191.1,1893.9,22,0,0
target,sampled-repeats,chat,True,2,False,2.0908887120021973,,34,191.6,1896.3,22,0,0
target,sampled-repeats,chat,True,2,True,2.08930509199854,0.2201959519952652,34,191.6,1894.6,22,0,0
target,sampled-repeats,chat,True,3,True,2.088650643003348,0.2191239960011444,34,190.8,1894.6,22,0,0
target,sampled-repeats,chat,True,3,False,2.087199891000637,,34,191.0,1893.2,22,0,0
target,sampled-repeats,chat,True,4,False,2.0869086390011944,,34,191.5,1892.4,22,0,0
target,sampled-repeats,chat,True,4,True,2.088456973004213,0.2187869480039808,34,190.5,1894.8,22,0,0
target,sampled-repeats,chat,True,5,True,2.087817202002043,0.2190933390011196,34,190.8,1894.0,22,0,0
target,sampled-repeats,chat,True,5,False,2.0853326139986166,,34,190.5,1891.7,22,0,0
