repeat,constrained,wall_s,generated,prompt_ms,decode_ms,reused,drafts_offered
0,False,0.2942501630022889,2,220.6,70.6,20,0
0,True,0.29489064600056736,2,220.3,71.4,20,0
1,True,0.2949135379967629,2,220.5,71.3,20,0
1,False,0.29525265999836847,2,221.2,71.0,20,0
2,False,0.2954284369989182,2,221.3,71.0,20,0
2,True,0.295034183000098,2,220.5,71.4,20,0
3,True,0.29545213100209367,2,220.9,71.2,20,0
3,False,0.2975161249996745,2,220.7,73.8,20,0
4,False,0.2971475790036493,2,223.4,70.5,20,0
4,True,0.29670994400657946,2,222.1,71.5,20,0
5,True,0.29425886000535684,2,219.6,71.6,20,0
5,False,0.29412292699998943,2,220.1,70.9,20,0
