case_id	phase	result	evidence	qualification
R0-01	R0	pass	../R0/REPORT.md	Bounded pinned-client profile; synthetic model output; no native-quality claim
R0-02	R0	pass	../R0/REPORT.md	Bounded pinned-client profile; synthetic model output; no native-quality claim
R0-03	R0	pass	../R0/REPORT.md	Bounded pinned-client profile; synthetic model output; no native-quality claim
R0-04	R0	pass	../R0/REPORT.md	Bounded pinned-client profile; synthetic model output; no native-quality claim
R1-01	R1	pass	../R1/REPORT.md	Bounded pinned-client profile; synthetic model output; no native-quality claim
R1-02	R1	pass	../R1/REPORT.md	Bounded pinned-client profile; synthetic model output; no native-quality claim
R1-03	R1	pass	../R1/REPORT.md	Bounded pinned-client profile; synthetic model output; no native-quality claim
R1-04	R1	pass	../R1/REPORT.md	Bounded pinned-client profile; synthetic model output; no native-quality claim
R1-05	R1	pass	../R1/REPORT.md	Bounded pinned-client profile; synthetic model output; no native-quality claim
R1-06	R1	pass	../R1/REPORT.md	Bounded pinned-client profile; synthetic model output; no native-quality claim
R1-07	R1	pass	../R1/REPORT.md	Bounded pinned-client profile; synthetic model output; no native-quality claim
R1-08	R1	pass	../R1/REPORT.md	Bounded pinned-client profile; synthetic model output; no native-quality claim
R2-01	R2	pass	../R2/REPORT.md	Bounded pinned-client profile; synthetic model output; no native-quality claim
R2-02	R2	pass	../R2/REPORT.md	Bounded pinned-client profile; synthetic model output; no native-quality claim
R2-03	R2	pass	../R2/REPORT.md	Bounded pinned-client profile; synthetic model output; no native-quality claim
R2-04	R2	pass	../R2/REPORT.md	Bounded pinned-client profile; synthetic model output; no native-quality claim
R2-05	R2	pass	../R2/REPORT.md	Bounded pinned-client profile; synthetic model output; no native-quality claim
R2-06	R2	pass	../R2/REPORT.md	Bounded pinned-client profile; synthetic model output; no native-quality claim
R2-07	R2	pass	../R2/REPORT.md	Bounded pinned-client profile; synthetic model output; no native-quality claim
R3-01	R3	pass	../R3/REPORT.md	Bounded pinned-client profile; synthetic model output; no native-quality claim
R3-02	R3	pass	../R3/REPORT.md	Bounded pinned-client profile; synthetic model output; no native-quality claim
R3-03	R3	pass	../R3/REPORT.md	Bounded pinned-client profile; synthetic model output; no native-quality claim
R3-04	R3	pass	../R3/REPORT.md	Bounded pinned-client profile; synthetic model output; no native-quality claim
R3-05	R3	pass	../R3/REPORT.md	Bounded pinned-client profile; synthetic model output; no native-quality claim
R4-01	R4	pass	REPORT.md	Bounded pinned-client profile; synthetic model output; no native-quality claim
R4-02	R4	pass	REPORT.md	Bounded pinned-client profile; synthetic model output; no native-quality claim
R4-03	R4	pass	REPORT.md	Bounded pinned-client profile; synthetic model output; no native-quality claim
R4-04	R4	pass	REPORT.md	Bounded pinned-client profile; synthetic model output; no native-quality claim
