build,mode,prefix_tokens,attempted,n,errors,replies_128,full_prefix_hits,cache_hit_rate,input_tokens_min,input_tokens_max,cached_tokens_median,ttft_s_p50,ttft_s_p80,ttft_s_p90,ttft_s_p95,ttft_s_p99,total_s_p50,total_s_p80,total_s_p90,total_s_p95,total_s_p99,total_128_s_p50,total_128_s_p80,total_128_s_p90,total_128_s_p95,total_128_s_p99
main,cold,1024,3,3,0,3,0,0.0,1107,1107,0,0.3595704169711098,0.359677564969752,0.3597132809692994,0.35973113896907305,0.35974542536889204,1.1417992989881895,1.1439149667858146,1.144620189385023,1.1449728006846271,1.1452548897243104,1.1417992989881895,1.1439149667858146,1.144620189385023,1.1449728006846271,1.1452548897243104
main,cold,2048,3,3,0,3,0,0.0,2131,2131,0,0.5351242999895476,0.5360977381817065,0.5364222175790928,0.536584457277786,0.5367142490367405,1.341236644948367,1.3476900434005075,1.3498411762178875,1.3509167426265776,1.3517771957535296,1.341236644948367,1.3476900434005075,1.3498411762178875,1.3509167426265776,1.3517771957535296
main,cold,3072,3,3,0,3,0,0.0,3156,3156,0,0.7113892190391198,0.7114937912090682,0.711528648599051,0.7115460772940423,0.7115600202500354,1.5191622890415601,1.5192615157924592,1.5192945913760922,1.519311129167909,1.5193243594013621,1.5191622890415601,1.5192615157924592,1.5192945913760922,1.519311129167909,1.5193243594013621
main,cold,4096,3,3,0,3,0,0.0,4179,4179,0,0.8684438290074468,0.8685923613957129,0.8686418721918017,0.868666627589846,0.8686864319082815,1.6755553080001846,1.6783011654159055,1.6792164512211456,1.6796740941237658,1.6800402084458619,1.6755553080001846,1.6783011654159055,1.6792164512211456,1.6796740941237658,1.6800402084458619
main,cold,5120,3,3,0,3,0,0.0,5203,5203,0,1.0293400920345448,1.0295459190267138,1.0296145280241036,1.0296488325227984,1.0296762761217542,1.8384358400362544,1.8386406728299334,1.8387089504278264,1.838743089226773,1.8387704002659302,1.8384358400362544,1.8386406728299334,1.8387089504278264,1.838743089226773,1.8387704002659302
main,cold,6144,3,3,0,3,0,0.0,6227,6227,0,1.1721777640050277,1.1724370971904137,1.1725235415855422,1.1725667637831065,1.172601341541158,1.9794575740233995,1.9796290731756017,1.979686239559669,1.9797148227517027,1.9797376893053298,1.9794575740233995,1.9796290731756017,1.979686239559669,1.9797148227517027,1.9797376893053298
main,cold,7168,3,3,0,3,0,0.0,7251,7251,0,1.31798572500702,1.3196481642313302,1.3202023106394336,1.3204793838434852,1.3207010424067267,2.125351929978933,2.1270744669949635,2.1276486460003072,2.127935735502979,2.1281654071051164,2.125351929978933,2.1270744669949635,2.1276486460003072,2.127935735502979,2.1281654071051164
main,cold,8192,3,3,0,3,0,0.0,8275,8275,0,1.5561230719904415,1.5591637760167942,1.5601773440255784,1.5606841280299704,1.561089555233484,2.3651517149992287,2.3683000116143376,2.369349443819374,2.369874159921892,2.3702939328039063,2.3651517149992287,2.3683000116143376,2.369349443819374,2.369874159921892,2.3702939328039063
main,pinned,1024,3,3,0,3,3,1.0,1107,1107,1024,0.19799793203128502,0.19812349758576603,0.19816535277059302,0.1981862803630065,0.19820302243693733,0.9801089349784888,0.980284157791175,0.9803425653954037,0.980371769197518,0.9803951322392095,0.9801089349784888,0.980284157791175,0.9803425653954037,0.980371769197518,0.9803951322392095
main,pinned,2048,3,3,0,3,3,1.0,2131,2131,2048,0.201336533005815,0.20137035740772263,0.2013816322083585,0.20138726960867642,0.20139177952893078,1.0086731429910287,1.0162414007820189,1.0187641533790157,1.020025529677514,1.0210346307163127,1.0086731429910287,1.0162414007820189,1.0187641533790157,1.020025529677514,1.0210346307163127
main,pinned,3072,3,3,0,3,3,1.0,3156,3156,3072,0.2031308389850892,0.20329825939843432,0.20335406620288268,0.20338196960510685,0.2034042923268862,1.0112439030199312,1.0112786310259252,1.0112902070279233,1.0112959950289224,1.0113006254297217,1.0112439030199312,1.0112786310259252,1.0112902070279233,1.0112959950289224,1.0113006254297217
main,pinned,4096,3,3,0,3,3,1.0,4179,4179,4096,0.20565939601510763,0.20641083838418126,0.20666131917387248,0.20678655956871808,0.20688675188459457,1.0139216359821148,1.0147725049755536,1.0150561279733665,1.015197939472273,1.0153113886713983,1.0139216359821148,1.0147725049755536,1.0150561279733665,1.015197939472273,1.0153113886713983
main,pinned,5120,3,3,0,3,3,1.0,5203,5203,5120,0.20955932803917676,0.2096340064308606,0.20965889922808856,0.20967134562670253,0.2096813027455937,1.01817849004874,1.0187278062454426,1.0189109116443433,1.0190024643437936,1.019075706503354,1.01817849004874,1.0187278062454426,1.0189109116443433,1.0190024643437936,1.019075706503354
main,pinned,6144,3,3,0,3,3,1.0,6227,6227,6144,0.21192470198730007,0.2121073335641995,0.21216821075649933,0.21219864935264923,0.21222300022956916,1.020383104973007,1.0205159749719315,1.0205602649715728,1.0205824099713936,1.0206001259712503,1.020383104973007,1.0205159749719315,1.0205602649715728,1.0205824099713936,1.0206001259712503
main,pinned,7168,3,3,0,3,3,1.0,7251,7251,7168,0.2138418829999864,0.21404379917075858,0.21411110456101595,0.21414475725614465,0.2141716794122476,1.0224225709680468,1.0225179133703932,1.0225496941711754,1.0225655845715664,1.0225782968918793,1.0224225709680468,1.0225179133703932,1.0225496941711754,1.0225655845715664,1.0225782968918793
main,pinned,8192,3,3,0,3,3,1.0,8275,8275,8192,0.21668710600351915,0.21718033720972016,0.21734474761178718,0.21742695281282068,0.21749271697364747,1.0261486429953948,1.0264389188145286,1.0265356774209067,1.0265840567240958,1.0266227601666469,1.0261486429953948,1.0264389188145286,1.0265356774209067,1.0265840567240958,1.0266227601666469
pr1489,cold,1024,3,3,0,3,0,0.0,1107,1107,0,0.3618020619614981,0.362649837997742,0.3629324300098233,0.36307372601586396,0.36318676282069645,1.147373447951395,1.149945570586715,1.1508029447984882,1.1512316319043747,1.151574581589084,1.147373447951395,1.149945570586715,1.1508029447984882,1.1512316319043747,1.151574581589084
pr1489,cold,2048,3,3,0,3,0,0.0,2131,2131,0,0.5403923260164447,0.5407671154127456,0.5408920452115126,0.5409545101108961,0.5410044820304029,1.3481604109983891,1.355069154209923,1.3573720686137676,1.35852352581569,1.3594446915772278,1.3481604109983891,1.355069154209923,1.3573720686137676,1.35852352581569,1.3594446915772278
pr1489,cold,3072,3,3,0,3,0,0.0,3156,3156,0,0.7175833359942771,0.7175899654161185,0.7175921752233989,0.7175932801270392,0.7175941640499514,1.5271182960132137,1.5274048037827015,1.5275003063725308,1.5275480576674454,1.527586258703377,1.5271182960132137,1.5274048037827015,1.5275003063725308,1.5275480576674454,1.527586258703377
pr1489,cold,4096,3,3,0,3,0,0.0,4179,4179,0,0.8771218470064923,0.877515590400435,0.8776468381984159,0.8777124620974064,0.8777649612165987,1.6875679370132275,1.6894819724024273,1.6901199841988273,1.6904389900970274,1.6906941948155874,1.6875679370132275,1.6894819724024273,1.6901199841988273,1.6904389900970274,1.6906941948155874
pr1489,cold,5120,3,3,0,3,0,0.0,5203,5203,0,1.0371483719791286,1.0376507310080343,1.0378181840176695,1.037901910522487,1.037968891726341,1.8478498709737323,1.8481144991819747,1.8482027085847221,1.8482468132860959,1.848282097047195,1.8478498709737323,1.8481144991819747,1.8482027085847221,1.8482468132860959,1.848282097047195
pr1489,cold,6144,3,3,0,3,0,0.0,6227,6227,0,1.1868372759781778,1.1877659086021595,1.1880754528101534,1.1882302249141503,1.1883540425973478,1.9956337839830667,1.9966561600216663,1.996996952034533,1.9971673480409664,1.9973036648461129,1.9956337839830667,1.9966561600216663,1.996996952034533,1.9971673480409664,1.9973036648461129
pr1489,cold,7168,3,3,0,3,0,0.0,7251,7251,0,1.3356445920071565,1.3369900080258958,1.3374384800321422,1.3376627160352654,1.337842104837764,2.144176682981197,2.1460669038118794,2.146696977422107,2.147012014227221,2.1472640436713117,2.144176682981197,2.1460669038118794,2.146696977422107,2.147012014227221,2.1472640436713117
pr1489,cold,8192,3,3,0,3,0,0.0,8275,8275,0,1.567511471977923,1.5677165646106004,1.567784928821493,1.5678191109269393,1.5678464566112962,2.378552628972102,2.378760744992178,2.37883011699887,2.378864803002216,2.378892551804893,2.378552628972102,2.378760744992178,2.37883011699887,2.378864803002216,2.378892551804893
pr1489,pinned,1024,3,3,0,3,3,1.0,1107,1107,1024,0.19849354994948953,0.198749566974584,0.19883490598294884,0.19887757548713125,0.19891171109047717,0.982234088005498,0.982378480990883,0.9824266119860112,0.9824506774835754,0.9824699298816267,0.982234088005498,0.982378480990883,0.9824266119860112,0.9824506774835754,0.9824699298816267
pr1489,pinned,2048,3,3,0,3,3,1.0,2131,2131,2048,0.2017509609577246,0.20209627001313493,0.20221137303160502,0.20226892454084008,0.20231496574822813,1.0112766939564608,1.0184799291891977,1.02088100760011,1.0220815468055662,1.0230419781699311,1.0112766939564608,1.0184799291891977,1.02088100760011,1.0220815468055662,1.0230419781699311
pr1489,pinned,3072,3,3,0,3,3,1.0,3156,3156,3072,0.201796084002126,0.2031434571952559,0.20359258159296587,0.20381714379182087,0.20399679355090483,1.0112358040059917,1.012672967184335,1.0131520215771161,1.0133915487735066,1.013583170530619,1.0112358040059917,1.012672967184335,1.0131520215771161,1.0133915487735066,1.013583170530619
pr1489,pinned,4096,3,3,0,3,3,1.0,4179,4179,4096,0.2062273480114527,0.20630516259698198,0.20633110079215838,0.2063440698897466,0.20635444516781717,1.016016217006836,1.0161050212103873,1.016134622611571,1.016149423312163,1.0161612638726365,1.016016217006836,1.0161050212103873,1.016134622611571,1.016149423312163,1.0161612638726365
pr1489,pinned,5120,3,3,0,3,3,1.0,5203,5203,5120,0.20993483799975365,0.21007244436768815,0.21011831315699964,0.2101412475516554,0.21015959506738,1.0203796550049447,1.0204419667716138,1.0204627373605035,1.0204731226549484,1.0204814308905044,1.0203796550049447,1.0204419667716138,1.0204627373605035,1.0204731226549484,1.0204814308905044
pr1489,pinned,6144,3,3,0,3,3,1.0,6227,6227,6144,0.21252671797992662,0.21271616498706863,0.2127793139894493,0.21281088849063962,0.2128361480915919,1.0229549210052937,1.0229934037895874,1.0230062313843518,1.023012645181734,1.02301777621964,1.0229549210052937,1.0229934037895874,1.0230062313843518,1.023012645181734,1.02301777621964
pr1489,pinned,7168,3,3,0,3,3,1.0,7251,7251,7168,0.21465773798990995,0.2146967302192934,0.21470972762908785,0.2147162263339851,0.2147214252979029,1.0249078609631397,1.0250825276016258,1.0251407498144545,1.0251698609208688,1.0251931498060003,1.0249078609631397,1.0250825276016258,1.0251407498144545,1.0251698609208688,1.0251931498060003
pr1489,pinned,8192,3,3,0,3,3,1.0,8275,8275,8192,0.21737705200212076,0.21828058959217742,0.21858176878886298,0.21873235838720576,0.21885283006587997,1.0281533559900708,1.0290309837902896,1.0293235263903626,1.029469797690399,1.0295868147304281,1.0281533559900708,1.0290309837902896,1.0293235263903626,1.029469797690399,1.0295868147304281
