ts,mem_avail_gib,swap_used_mib,gpu0_util,gpu0_mem_mib,gpu0_temp,gpu0_w,gpu1_util,gpu1_mem_mib,gpu1_temp,gpu1_w
1791217253,118.2,471,0,0,38,10.92,0,0,43,11.50
1791217258,117.2,471,0,0,38,11.98,2,3779,44,58.49
1791217263,105.4,471,0,0,38,11.01,0,4947,45,52.51
1791217268,95.6,471,0,0,38,11.20,0,4947,45,52.70
1791217273,85.8,471,0,0,38,10.81,0,4947,46,52.80
1791217278,83.4,471,0,0,38,11.10,0,5013,46,52.80
1791217283,82.9,471,0,0,38,10.91,0,22099,47,59.27
1791217289,82.7,471,0,0,38,10.91,0,22347,48,59.85
1791217294,82.5,471,0,0,38,11.38,100,22419,49,118.88
1791217299,82.6,471,0,0,38,11.18,100,22419,51,139.90
1791217304,82.6,471,0,0,38,11.11,100,22419,53,64.22
1791217309,83.3,471,0,0,38,11.11,100,22437,54,63.35
1791217314,83.3,471,0,0,38,11.27,100,22437,55,150.05
1791217319,83.3,471,0,0,38,10.89,100,22437,57,116.54
1791217324,83.3,471,0,0,38,10.76,100,22437,58,140.24
1791217329,83.3,471,0,0,38,11.38,100,22455,59,150.48
1791217334,83.4,471,0,0,38,10.89,100,22455,60,143.28
1791217339,83.3,471,0,0,38,11.20,100,22455,62,82.21
1791217344,83.3,471,0,0,38,11.19,100,22455,61,126.93
1791217349,83.3,471,0,0,38,11.09,100,22455,63,127.11
1791217354,83.3,471,0,0,38,11.66,100,22455,65,151.49
1791217359,83.3,471,0,0,38,10.91,100,22455,67,69.61
1791217364,83.3,471,0,0,38,11.08,100,22455,68,160.68
1791217369,83.3,471,0,0,38,10.91,100,22455,68,68.16
1791217375,83.3,471,0,0,38,11.10,100,22455,68,67.86
1791217380,83.3,471,0,0,38,11.08,100,22455,70,149.96
1791217385,83.3,471,0,0,38,10.98,100,22455,71,154.06
1791217390,83.3,471,0,0,38,11.10,100,22455,71,69.21
1791217395,83.3,471,0,0,38,11.18,67,22455,73,144.18
1791217400,83.3,471,0,0,38,10.69,100,22455,72,135.88
1791217405,83.3,471,0,0,38,11.20,100,22455,72,69.51
1791217410,83.3,471,0,0,38,11.20,100,22455,73,108.36
1791217415,83.3,471,0,0,38,11.10,100,22455,73,70.28
1791217420,83.3,471,0,0,38,11.08,100,22455,75,150.34
1791217425,83.3,471,0,0,38,11.09,100,22455,74,102.68
1791217430,83.3,471,0,0,37,10.59,100,22455,75,150.01
1791217435,83.3,471,0,0,37,10.70,100,22455,75,113.48
1791217440,83.3,471,0,0,37,10.91,100,22455,75,72.96
1791217445,83.3,471,0,0,37,10.81,100,22455,75,72.61
1791217450,83.3,471,0,0,37,11.19,100,22455,75,71.46
1791217456,83.3,471,0,0,37,11.17,100,22455,76,169.10
1791217461,83.4,471,0,0,36,10.69,100,22455,77,156.38
1791217466,83.3,471,0,0,36,11.01,100,22455,76,71.99
1791217471,83.3,471,0,0,36,10.59,100,22455,76,158.34
1791217476,83.3,471,0,0,36,10.59,100,22455,76,160.49
1791217481,83.3,471,0,0,36,10.61,100,22455,76,72.47
1791217486,83.3,471,0,0,36,10.90,100,22455,76,71.70
1791217491,83.3,471,0,0,35,10.90,100,22455,77,102.01
1791217496,83.3,471,0,0,35,10.78,100,22455,76,168.99
1791217501,83.3,471,0,0,35,10.52,100,22455,77,100.51
1791217506,83.3,471,0,0,35,10.88,100,22455,75,166.65
1791217511,83.3,471,0,0,35,10.98,100,22455,76,162.88
1791217516,83.3,471,0,0,35,10.71,100,22455,77,75.96
1791217521,83.3,471,0,0,34,10.59,100,22455,76,165.63
1791217526,83.3,471,0,0,34,10.59,100,22455,74,147.99
1791217531,83.3,471,0,0,34,10.59,100,22455,74,160.48
1791217536,83.3,471,0,0,34,10.78,100,22455,75,168.57
1791217542,83.3,471,0,0,34,14.29,100,22455,75,148.71
1791217547,83.3,471,0,0,33,10.41,100,22455,75,103.02
1791217552,83.3,471,0,0,33,10.69,100,22455,75,170.41
1791217557,83.3,471,0,0,33,10.71,100,22455,74,77.32
1791217562,83.3,471,0,0,33,10.59,100,22559,73,162.81
1791217567,83.3,471,0,0,33,10.59,100,22559,74,168.47
1791217572,83.3,471,0,0,33,10.71,100,22559,75,84.34
1791217577,83.3,471,0,0,33,10.59,100,22559,74,151.24
1791217582,83.3,471,0,0,33,10.40,100,22559,74,98.00
1791217587,83.3,471,0,0,32,10.61,100,22559,72,69.76
1791217592,83.3,471,0,0,32,10.30,100,22559,74,165.71
1791217597,83.3,471,0,0,32,10.61,100,22559,72,95.97
1791217602,83.3,471,0,0,32,10.79,100,22559,72,130.39
1791217607,83.3,471,0,0,32,10.52,100,22559,72,72.28
1791217612,83.3,471,0,0,32,10.79,100,22559,73,164.36
1791217617,83.3,471,0,0,32,10.41,100,22559,72,112.16
1791217623,83.2,471,0,0,32,10.52,100,22559,72,89.12
1791217628,83.2,471,0,0,32,10.61,100,22559,71,71.79
1791217633,83.2,471,0,0,32,10.61,100,22559,71,101.23
1791217638,83.2,471,0,0,31,14.50,100,22559,71,81.04
1791217643,83.2,471,0,0,32,10.49,100,22559,72,164.84
1791217648,83.3,471,0,0,31,10.39,100,22559,71,160.38
1791217653,83.3,471,0,0,31,10.79,100,22559,71,157.49
1791217658,83.3,471,0,0,31,10.30,100,22559,71,152.56
1791217663,83.3,471,0,0,31,10.32,100,22559,70,69.86
1791217668,83.3,471,0,0,31,10.32,100,22559,70,78.24
1791217673,83.3,471,0,0,31,10.30,100,22559,72,164.67
1791217678,83.3,471,0,0,31,10.51,100,22559,72,124.26
1791217683,83.3,471,0,0,31,10.52,100,22559,69,68.79
1791217688,83.4,471,0,0,31,10.70,99,22559,69,126.68
1791217693,83.3,471,0,0,31,10.59,73,22559,70,152.36
1791217698,83.3,471,0,0,31,10.52,72,22559,69,68.24
1791217704,83.3,471,0,0,31,10.41,100,22559,69,95.73
1791217709,83.3,471,0,0,31,10.60,100,22559,67,137.44
1791217714,83.3,471,0,0,31,10.31,100,22559,68,107.77
1791217719,83.3,471,0,0,31,10.32,79,22559,67,67.67
1791217724,83.3,471,0,0,30,10.22,100,22559,68,79.88
1791217729,83.4,471,0,0,31,10.50,99,22559,68,145.17
1791217734,83.3,471,0,0,31,11.78,100,22559,68,72.57
1791217739,83.4,471,0,0,31,10.40,100,22559,69,115.27
1791217744,83.3,471,0,0,31,10.40,99,22559,68,150.91
1791217749,83.3,471,0,0,31,10.71,100,22559,68,71.25
1791217754,83.3,471,0,0,31,10.39,100,22559,69,154.30
1791217759,83.3,471,0,0,31,10.22,100,22559,68,69.12
1791217764,83.3,471,0,0,31,10.39,100,22559,69,166.58
1791217769,83.4,471,0,0,31,10.30,99,22559,69,134.90
1791217774,83.3,471,0,0,31,10.20,100,22559,68,143.24
1791217779,83.3,471,0,0,31,10.49,100,22559,68,145.10
1791217784,83.4,471,0,0,31,10.52,0,22559,67,66.70
1791217790,83.3,471,0,0,31,10.50,100,22559,69,127.79
1791217795,83.4,471,0,0,31,10.23,0,22561,67,66.70
1791217800,83.3,471,0,0,31,10.30,100,22561,69,143.92
1791217805,83.3,471,0,0,31,10.62,100,22561,68,67.85
1791217810,83.4,471,0,0,31,10.42,0,22575,67,58.30
1791217815,83.4,471,0,0,31,10.13,0,22575,66,57.91
1791217820,83.4,471,0,0,31,10.20,99,22575,69,191.66
1791217825,83.4,471,0,0,31,12.05,99,22575,70,163.38
1791217830,83.4,471,0,0,31,10.22,99,22575,71,70.33
1791217835,83.4,471,0,0,31,10.50,99,22575,71,154.17
1791217840,83.4,471,0,0,31,10.48,100,22575,72,189.62
1791217845,83.4,471,0,0,31,10.50,99,22575,71,157.12
1791217850,83.3,471,0,0,31,10.31,99,22575,73,152.02
1791217855,83.3,471,0,0,31,10.22,83,22575,70,68.60
1791217860,83.3,471,0,0,31,11.01,100,22575,71,71.99
1791217865,83.3,471,0,0,31,10.49,100,22575,72,149.97
1791217871,83.3,471,0,0,31,10.20,100,22575,73,160.59
1791217876,83.4,471,0,0,31,10.42,100,22575,72,69.95
1791217881,83.3,471,0,0,31,10.20,100,22575,73,161.26
1791217886,83.3,471,0,0,31,10.49,100,22575,73,165.61
1791217891,83.3,471,0,0,31,10.10,100,22575,74,164.50
1791217896,83.3,471,0,0,31,10.30,100,22575,72,158.51
1791217901,83.3,471,0,0,31,10.23,100,22575,71,69.41
1791217906,83.3,471,0,0,31,10.61,100,22575,71,68.82
1791217911,83.3,471,0,0,31,10.30,100,22575,71,116.45
1791217916,83.3,471,0,0,31,10.32,100,22575,71,91.91
1791217921,83.3,471,0,0,31,10.42,100,22575,71,69.02
1791217926,83.4,471,0,0,31,10.69,100,22575,70,128.44
1791217931,83.3,471,0,0,31,10.22,100,22575,71,117.93
1791217936,83.3,471,0,0,31,10.40,100,22575,72,157.68
1791217941,83.3,471,0,0,31,10.59,100,22575,73,165.51
1791217946,83.3,471,0,0,31,10.61,100,22575,72,87.10
1791217951,83.3,471,0,0,31,10.22,100,22575,72,76.54
1791217957,83.4,471,0,0,31,10.51,0,22619,69,59.03
1791217962,83.4,471,0,0,31,10.61,0,22619,68,58.68
1791217967,83.4,471,0,0,31,10.13,0,22619,67,58.29
1791217972,83.4,471,0,0,31,10.23,0,22619,67,58.10
1791217977,83.4,471,0,0,31,10.68,100,22619,73,206.36
1791217982,83.4,471,0,0,31,10.30,100,22619,74,178.13
1791217987,83.3,471,0,0,31,10.52,0,22619,70,67.18
1791217992,83.3,471,0,0,31,10.52,0,22619,69,66.59
1791217997,83.4,471,0,0,31,10.49,100,22619,73,182.86
1791218002,83.4,471,0,0,31,10.21,100,22619,75,169.52
1791218007,83.4,471,0,0,31,10.19,100,22619,77,240.48
1791218012,83.4,471,0,0,31,11.16,100,22619,78,230.30
1791218017,83.4,471,0,0,31,10.60,100,22619,79,173.21
1791218022,83.4,471,0,0,31,10.49,100,22619,79,200.34
1791218027,83.3,471,0,0,31,10.32,0,22619,76,71.02
1791218032,83.3,471,0,0,31,10.30,100,22619,77,175.94
1791218038,83.4,471,0,0,31,10.50,100,22619,79,168.29
1791218043,83.4,471,0,0,31,10.50,100,22619,79,174.03
1791218048,83.4,471,0,0,31,10.49,100,22619,80,190.75
1791218053,83.4,471,0,0,31,10.19,100,22619,80,202.65
1791218058,83.4,471,0,0,31,10.48,100,22619,81,210.13
1791218063,83.4,471,0,0,31,10.58,100,22619,81,210.84
1791218068,83.4,471,0,0,31,10.50,100,22619,81,177.74
1791218073,83.3,471,0,0,31,10.59,100,22619,82,197.81
1791218078,83.3,471,0,0,30,10.29,100,22619,83,220.65
1791218083,83.3,471,0,0,31,10.20,100,22619,83,190.17
1791218088,83.3,471,0,0,30,10.68,100,22619,83,210.18
1791218094,98.7,471,0,0,30,10.52,100,0,79,72.56
