profile,round,context,phase,output_tokens,payload_sha256,answer_sha256,decode_tps,prefill_tps,ttft_s,wall_s,end_to_end_tps,kv0_mib,kv1_mib,experts0,experts1,dma0_batches,dma1_batches,dma0_fallbacks,dma1_fallbacks,gpu0_peak_mib,gpu1_peak_mib,ram_min_gib,drafts_offered,drafts_accepted,hit_rate,pcie_share
grow-pipeline2,1,65536,first,1024,eeafe0e75c481ba15a25e6829bb42ca4cf7f115196d481507e3bcca2f65402f8,dafbd6c71777b951feaeffbf4c9dbe3ea7cf3de89872f127ebeb8ff4448255f0,45.75493407089334,2782.006274116933,23.75138209999932,46.12216029999945,22.20190887285937,608.0,380.0,6916,5789,0,0,0,0,14879.0,14961.0,3.5535049438476562,924,635,0.958,0.006
grow-pipeline2,1,65536,steady,1024,eeafe0e75c481ba15a25e6829bb42ca4cf7f115196d481507e3bcca2f65402f8,aad6d243b335c07575b87ec54cd24afdb980a3b5eda1034fcfc6132f6d95604f,67.8838020232555,2773.247572096566,23.811716599999272,38.87668909999957,26.33969156596752,608.0,380.0,6913,5789,0,0,0,0,14879.0,14961.0,3.5535049438476562,931,644,0.96,0.007
grow-pipeline2,1,131072,first,1024,f09e653f428e46c606a446ac2cc681f702e660520832712f5ec81f8b0445361b,e6e8db8e064ad2335769113d151abe0634f591d447e16c51e0943412dd7e8a37,106.24169986719788,2762.347337695866,47.78367799999978,57.407301400000506,17.837452293132717,1152.0,720.0,6575,5607,0,0,0,0,14879.0,14961.0,3.5535049438476562,912,638,0.95,0.008
grow-pipeline2,1,131072,steady,1024,f09e653f428e46c606a446ac2cc681f702e660520832712f5ec81f8b0445361b,9dfacbe1b8e8f6d9b9bb5ec223ffc1b3a410a503d20d066863db7eb3f7874253,121.71783808199314,2766.3759698103013,47.715628100000686,56.11493970000083,18.248259830171122,1152.0,720.0,6575,5607,0,0,0,0,14879.0,14961.0,3.5535049438476562,838,644,0.96,0.007
grow-pipeline2,1,261000,first,1024,83a7fadada040145ed5d703a8ce055251812621f673cf1160d80b755a3408a02,ea4cdf3ab0ff91c4e576dc2069e5d0eb964ec20706cbcbd5411c5e92890150bd,112.34599054274962,2596.405222256266,101.19238720000067,110.29131480000069,9.284502608903468,2112.0,1320.0,5954,5290,0,0,0,0,14879.0,14961.0,3.5535049438476562,923,637,0.948,0.009
grow-pipeline2,1,261000,steady,1024,83a7fadada040145ed5d703a8ce055251812621f673cf1160d80b755a3408a02,504e2915d54fba80dc416130b11180982610da1a861167689c9c7a323493d6df,111.79161344556164,2612.7146104802887,100.54386949999935,109.68885289999889,9.335497390364361,2112.0,1320.0,5884,5288,0,0,0,0,14879.0,14961.0,3.5535049438476562,897,633,0.95,0.008
grow-pipeline2-dma1-bounce,1,65536,first,1024,eeafe0e75c481ba15a25e6829bb42ca4cf7f115196d481507e3bcca2f65402f8,ab99b5d075ed03d292a078693c7bfcf6c797884ccfed6467550042aa2d2719a4,120.72482050435623,2777.113896587086,23.792656599998736,32.26368840000032,31.738466703019295,608.0,380.0,6909,5789,105,69,0,0,14879.0,14961.0,2.7601776123046875,923,649,0.957,0.007
grow-pipeline2-dma1-bounce,1,65536,steady,1024,eeafe0e75c481ba15a25e6829bb42ca4cf7f115196d481507e3bcca2f65402f8,386f7ce33232f5109e7f13596e17a904a5a905038d9803bf34d4bfe228705f09,52.52090065138226,2778.102771489856,23.768898600001194,43.25252670000009,23.67491747019713,608.0,380.0,6916,5789,205,96,0,0,14879.0,14961.0,2.7601776123046875,934,613,0.966,0.006
grow-pipeline2-dma1-bounce,1,131072,first,1024,f09e653f428e46c606a446ac2cc681f702e660520832712f5ec81f8b0445361b,dbd2979ad45dc655ae93541f22fe1d8ad647902592b0500dff8f354497176a85,65.73077342782132,2782.0298935768287,47.45378049999999,63.01984360000097,16.248850227231987,1152.0,720.0,6575,5607,298,136,0,0,14879.0,14961.0,2.7601776123046875,913,652,0.953,0.008
grow-pipeline2-dma1-bounce,1,131072,steady,1024,f09e653f428e46c606a446ac2cc681f702e660520832712f5ec81f8b0445361b,71ad35da79c4b3b93cacfa8a1776712b598227814292ab7fb49f033746e4458c,118.72050827217605,2791.504007121879,47.29749229999834,55.90871829999924,18.315569219550756,1152.0,720.0,6575,5607,392,148,0,0,14879.0,14961.0,2.7601776123046875,896,645,0.955,0.007
grow-pipeline2-dma1-bounce,1,261000,first,1024,83a7fadada040145ed5d703a8ce055251812621f673cf1160d80b755a3408a02,cb0e4c845f1faf5f22aa0b91d2e39372e90d5507b480380cbd3ee94e074ec242,113.82457232417772,2609.6842282083867,100.68563009999889,109.66955400000006,9.337140187512748,2112.0,1320.0,5954,5290,490,181,0,0,14879.0,14961.0,2.7601776123046875,884,629,0.95,0.008
grow-pipeline2-dma1-bounce,1,261000,steady,1024,83a7fadada040145ed5d703a8ce055251812621f673cf1160d80b755a3408a02,9bf2eef8b340f78a70a001daf8fa37a947a301b75cb9b02b81be20454d3fc6f7,115.93677822562384,2597.456880722989,101.13994550000098,109.95521010000084,9.312882937231477,2112.0,1320.0,5954,5290,584,193,0,0,14879.0,14961.0,2.7601776123046875,888,648,0.946,0.009
grow-pipeline2,10,65536,first,1024,eeafe0e75c481ba15a25e6829bb42ca4cf7f115196d481507e3bcca2f65402f8,3ab39f9b426f4ce677db4313d4f14b005b8708c04b0efe23bdbb2a3d7b659313,122.01661046435424,2788.1727292065516,23.701732000001357,32.08220209999854,31.918008520993844,608.0,380.0,6893,5787,0,0,0,0,14879.0,14961.0,3.5310401916503906,919,657,0.958,0.006
grow-pipeline2,10,65536,steady,1024,eeafe0e75c481ba15a25e6829bb42ca4cf7f115196d481507e3bcca2f65402f8,f7aa09fbf38547aeb4053860fa0c7dcf0a33e2efe84b3cc0f8c817c8c79a9fef,118.95910780669145,2764.3339505730205,23.906898000001092,32.502687300002435,31.50508727319674,608.0,380.0,6916,5789,0,0,0,0,14879.0,14961.0,3.5310401916503906,934,645,0.961,0.007
grow-pipeline2,10,131072,first,1024,f09e653f428e46c606a446ac2cc681f702e660520832712f5ec81f8b0445361b,0712bed205261190dca3b6192266790bbe47022052c39dfc6163453e18d66e06,112.44591834493663,2776.931502554009,47.53282499999841,56.627327800000785,18.0831418289172,1152.0,720.0,6575,5607,0,0,0,0,14879.0,14961.0,3.5310401916503906,844,605,0.956,0.007
grow-pipeline2,10,131072,steady,1024,f09e653f428e46c606a446ac2cc681f702e660520832712f5ec81f8b0445361b,879fd0d460823127f9ea8908e7b1af00dc5daa532403ca57b511fa0d845ebbda,97.73043959609842,2763.046113306983,47.789127299998654,58.25469829999929,17.577981345412145,1152.0,720.0,6575,5607,0,0,0,0,14879.0,14961.0,3.5310401916503906,901,637,0.956,0.007
grow-pipeline2,10,261000,first,1024,83a7fadada040145ed5d703a8ce055251812621f673cf1160d80b755a3408a02,ae7db897cd5da481f6886cc996362602dcb2119fc5a9b78105d7045c0d40f82d,107.6806595440397,2606.4396035016166,100.80066110000189,110.29468199999974,9.284219161174084,2112.0,1320.0,5954,5290,0,0,0,0,14879.0,14961.0,3.5310401916503906,915,646,0.948,0.009
grow-pipeline2,10,261000,steady,1024,83a7fadada040145ed5d703a8ce055251812621f673cf1160d80b755a3408a02,e18c301d7ab10c1400b2157c73dae21a7e6524dcbc4763488ee06318ed107d85,112.91834371726306,2610.2688576923424,100.66679700000168,109.71888400000171,9.332942176116047,2112.0,1320.0,5864,5284,0,0,0,0,14879.0,14961.0,3.5310401916503906,908,642,0.949,0.008
grow-pipeline2-dma1-bounce,10,65536,first,1024,eeafe0e75c481ba15a25e6829bb42ca4cf7f115196d481507e3bcca2f65402f8,9b7ca852aa0a78ea544a751b27e30e47d99350b25c5f7a9faba11ab57316ac62,44.566693360259045,2777.879035778926,23.788873599998624,46.757547400000476,21.900207708499046,608.0,380.0,6916,5789,109,71,0,0,14879.0,14961.0,3.0371170043945312,892,631,0.958,0.006
grow-pipeline2-dma1-bounce,10,65536,steady,1024,eeafe0e75c481ba15a25e6829bb42ca4cf7f115196d481507e3bcca2f65402f8,e2e35e01bb7e129ae846d5cf3156c9f5426dfb5690406df7cf829ab656ed5aec,61.60843746803762,2781.687450657476,23.757796800000506,40.368244699999195,25.36647326654806,608.0,380.0,6848,5784,210,97,0,0,14879.0,14961.0,3.0371170043945312,878,623,0.959,0.007
grow-pipeline2-dma1-bounce,10,131072,first,1024,f09e653f428e46c606a446ac2cc681f702e660520832712f5ec81f8b0445361b,f9b9f9584f34cbba3b4d9b51da4952e41593f9a89ec3e0d0c422d4e44b5056ba,56.100981767180926,2774.7270194632265,47.573783200001344,65.81249709999975,15.559354911637351,1152.0,720.0,6575,5607,307,132,0,0,14879.0,14961.0,3.0371170043945312,896,636,0.957,0.007
grow-pipeline2-dma1-bounce,10,131072,steady,1024,f09e653f428e46c606a446ac2cc681f702e660520832712f5ec81f8b0445361b,5d44b9bbd231af833d5265733ce675224bb384d44fea64d58ea38bc8a1e29667,61.8641405475943,2760.6252014044076,47.837623799998255,64.3793291999973,15.905726461033753,1152.0,720.0,6575,5607,405,150,0,0,14879.0,14961.0,3.0371170043945312,939,631,0.956,0.007
grow-pipeline2-dma1-bounce,10,261000,first,1024,83a7fadada040145ed5d703a8ce055251812621f673cf1160d80b755a3408a02,e0b685e8e4646b86043710009fd70c13850cc4de2da7c39a3a25f9fee641eb3e,112.13438605328574,2578.2717873844467,101.8968898000021,111.01439580000078,9.224028943460617,2112.0,1320.0,5934,5289,505,192,0,0,14879.0,14961.0,3.0371170043945312,886,626,0.948,0.008
grow-pipeline2-dma1-bounce,10,261000,steady,1024,83a7fadada040145ed5d703a8ce055251812621f673cf1160d80b755a3408a02,8b22ed40cd77f1015ce94f982fab020f5fe4274ef3bda90fb7ed2a40c8639a0e,114.4735224084156,2602.0585174048806,100.9827378000009,109.91056810000009,9.316665519082138,2112.0,1320.0,5954,5290,601,200,0,0,14879.0,14961.0,3.0371170043945312,901,638,0.951,0.008
grow-pipeline2,2,65536,first,1024,eeafe0e75c481ba15a25e6829bb42ca4cf7f115196d481507e3bcca2f65402f8,f1c731141af0833ef26da165a787a5689d767deeda02927493278d932d34da6f,43.61752879438424,2790.4402215797563,23.68081930000153,47.14530800000102,21.720082940172492,608.0,380.0,6916,5789,0,0,0,0,14879.0,14961.0,3.175243377685547,874,640,0.96,0.006
grow-pipeline2,2,65536,steady,1024,eeafe0e75c481ba15a25e6829bb42ca4cf7f115196d481507e3bcca2f65402f8,a263e9fab5585916d389bac6eeee5ee01f4b015eab9eef3091bc65b8a23af495,54.27667322156438,2793.139895666405,23.66430709999986,42.51883599999928,24.083443864738378,608.0,380.0,6916,5789,0,0,0,0,14879.0,14961.0,3.175243377685547,902,623,0.96,0.007
grow-pipeline2,2,131072,first,1024,f09e653f428e46c606a446ac2cc681f702e660520832712f5ec81f8b0445361b,ac8c1fc5c88b062b7e9d23b2ea0444850d41ade5c91d7afa9c774459ca577895,122.02242638734971,2772.9718179644874,47.606060800000705,55.98722369999996,18.289887090793552,1152.0,720.0,6560,5606,0,0,0,0,14879.0,14961.0,3.175243377685547,859,646,0.959,0.007
grow-pipeline2,2,131072,steady,1024,f09e653f428e46c606a446ac2cc681f702e660520832712f5ec81f8b0445361b,dc27c1e18f3fce9235b9926b5ab70cd065a2a2532645c72aacd175bd9e1f11df,117.42849934634526,2777.055057184384,47.553050299999086,56.26137489999928,18.200763877884064,1152.0,720.0,6535,5607,0,0,0,0,14879.0,14961.0,3.175243377685547,899,638,0.958,0.007
grow-pipeline2,2,261000,first,1024,83a7fadada040145ed5d703a8ce055251812621f673cf1160d80b755a3408a02,2e0083d62cc29f26e58b37c74f94d6a9ddbe6934e34a20f33cfaaf98c2b6d25c,111.45456920196787,2589.6787905307056,101.46070899999904,110.6356880000003,9.255602947938437,2112.0,1320.0,5954,5290,0,0,0,0,14879.0,14961.0,3.175243377685547,895,632,0.946,0.009
grow-pipeline2,2,261000,steady,1024,83a7fadada040145ed5d703a8ce055251812621f673cf1160d80b755a3408a02,efb598cef8aa4bfe268c72a4446680da6cf1c785d721f86a944adc02fb37c569,108.8238732371914,2615.4899133280755,100.43225320000056,109.82876969999961,9.32360439616218,2112.0,1320.0,5954,5290,0,0,0,0,14879.0,14961.0,3.175243377685547,904,614,0.95,0.008
grow-pipeline2-dma1-bounce,2,65536,first,1024,eeafe0e75c481ba15a25e6829bb42ca4cf7f115196d481507e3bcca2f65402f8,994f699aef3d734d9354f2e43dbb47befa878844aed7f6f74bcee32452b6e7fb,45.63259522016391,2761.061350365271,23.923923400001513,46.35495410000112,22.09041125983933,608.0,380.0,6895,5787,108,74,0,0,14879.0,14961.0,2.77056884765625,895,637,0.96,0.006
grow-pipeline2-dma1-bounce,2,65536,steady,1024,eeafe0e75c481ba15a25e6829bb42ca4cf7f115196d481507e3bcca2f65402f8,8d773be38b6723bc77a0c61677fe9ca8f7d344544b9afd753033e404edfa0e33,64.08250622676697,2800.444406460986,23.58650900000066,39.55180930000097,25.890092466641594,608.0,380.0,6900,5789,203,99,0,0,14879.0,14961.0,2.77056884765625,912,640,0.959,0.007
grow-pipeline2-dma1-bounce,2,131072,first,1024,f09e653f428e46c606a446ac2cc681f702e660520832712f5ec81f8b0445361b,4b0745f97216823a19f382ea736c8acb974273f742f50bfcf6525cb37916a745,120.89442988359188,2788.9499094621133,47.335880599999655,55.78629770000043,18.35576193829389,1152.0,720.0,6575,5607,297,132,0,0,14879.0,14961.0,2.77056884765625,903,648,0.962,0.007
grow-pipeline2-dma1-bounce,2,131072,steady,1024,f09e653f428e46c606a446ac2cc681f702e660520832712f5ec81f8b0445361b,c81ea761beb07df5334dbd9f3c96b5ef4f512ad8fe1c17feed0dbadfc94bee55,117.64030099373888,2791.6645367956517,47.30778519999876,56.0001218999987,18.28567448171972,1152.0,720.0,6575,5607,392,144,0,0,14879.0,14961.0,2.77056884765625,912,642,0.954,0.008
grow-pipeline2-dma1-bounce,2,261000,first,1024,83a7fadada040145ed5d703a8ce055251812621f673cf1160d80b755a3408a02,c488a7a3c67fbb7f2e30f10a43ef9bdf033d3872362b2870a64075c7fa856c43,114.45688865043704,2592.9307369586013,101.3181470999989,110.25105879999865,9.28789266194342,2112.0,1320.0,5883,5290,485,186,0,0,14879.0,14961.0,2.77056884765625,945,655,0.946,0.009
grow-pipeline2-dma1-bounce,2,261000,steady,1024,83a7fadada040145ed5d703a8ce055251812621f673cf1160d80b755a3408a02,c64194ebb40579f306d0593e7d72c2743271d7a03d70d656f4873ae27e078ac1,113.77651359429339,2606.494265213288,100.8036329000006,109.78865730000143,9.32701086963732,2112.0,1320.0,5954,5290,582,204,0,0,14879.0,14961.0,2.77056884765625,896,635,0.95,0.009
grow-pipeline2,3,65536,first,1024,eeafe0e75c481ba15a25e6829bb42ca4cf7f115196d481507e3bcca2f65402f8,414a2683f168ec29bfcf4ba75ad72904112777ab52fa6ae430fc27c5f0312e86,113.66537535104175,2775.655414849011,23.78506540000126,32.78318659999968,31.235523638815817,608.0,380.0,6916,5789,0,0,0,0,14879.0,14961.0,3.1279869079589844,919,621,0.958,0.006
grow-pipeline2,3,65536,steady,1024,eeafe0e75c481ba15a25e6829bb42ca4cf7f115196d481507e3bcca2f65402f8,4fa812d531027069f41e76ff758b253f52c8bddc0b7d9b8b439a97ac60fa293f,118.44312069862934,2787.994809946185,23.683691199999885,32.3159639000005,31.687125383872093,608.0,380.0,6910,5789,0,0,0,0,14879.0,14961.0,3.1279869079589844,923,639,0.962,0.007
grow-pipeline2,3,131072,first,1024,f09e653f428e46c606a446ac2cc681f702e660520832712f5ec81f8b0445361b,34c3600d4005d9608f699fa7bd5f72285a8a50d80b8223586b1495f4000ca2d0,113.73607455044262,2791.9618627279738,47.30036149999978,56.29023840000082,18.191431216251257,1152.0,720.0,6575,5607,0,0,0,0,14879.0,14961.0,3.1279869079589844,934,632,0.954,0.007
grow-pipeline2,3,131072,steady,1024,f09e653f428e46c606a446ac2cc681f702e660520832712f5ec81f8b0445361b,8849740e9c883f5c5ad9e25a83e9b8a1eeead49e322fdec8afb29853b24d6870,123.62222785604772,2795.4810598224244,47.24843660000079,55.51927430000069,18.444045116057783,1152.0,720.0,6575,5607,0,0,0,0,14879.0,14961.0,3.1279869079589844,865,655,0.959,0.007
grow-pipeline2,3,261000,first,1024,83a7fadada040145ed5d703a8ce055251812621f673cf1160d80b755a3408a02,3085f189e4b99541660a95198f4219f707cd1f81b71031b86a8b2332fe04e04d,113.97787226464236,2603.932836490976,100.87947750000058,109.85000319999926,9.321802186347199,2112.0,1320.0,5954,5290,0,0,0,0,14879.0,14961.0,3.1279869079589844,881,636,0.947,0.009
grow-pipeline2,3,261000,steady,1024,83a7fadada040145ed5d703a8ce055251812621f673cf1160d80b755a3408a02,cdae5a640ae5c0d001d970ec54a1447f1874834c21c0e360f00848327646516f,112.17983830327994,2602.3309307470886,100.97821340000155,110.09004520000053,9.301476787839443,2112.0,1320.0,5954,5290,0,0,0,0,14879.0,14961.0,3.1279869079589844,902,636,0.949,0.009
grow-pipeline2-dma1-bounce,3,65536,first,1024,eeafe0e75c481ba15a25e6829bb42ca4cf7f115196d481507e3bcca2f65402f8,578321d7081e4b3f19830c54df29c76157d3c01e8a2183f20382664fe0e8505d,115.8423458075026,2791.177059332104,23.665450700000292,32.49550610000006,31.512049599990632,608.0,380.0,6916,5789,111,71,0,0,14879.0,14961.0,2.6179656982421875,889,623,0.959,0.006
grow-pipeline2-dma1-bounce,3,65536,steady,1024,eeafe0e75c481ba15a25e6829bb42ca4cf7f115196d481507e3bcca2f65402f8,1c75ba6a6d5212eccc0870971e5b7506fa257cd1f866d9428e3cfdeae03f1a44,120.03282147462197,2788.611693821193,23.70198909999999,32.2209759999987,31.780539484590452,608.0,380.0,6916,5789,206,93,0,0,14879.0,14961.0,2.6179656982421875,908,641,0.96,0.007
grow-pipeline2-dma1-bounce,3,131072,first,1024,f09e653f428e46c606a446ac2cc681f702e660520832712f5ec81f8b0445361b,f0195b65727b5b4b566e4517ac4aca6f954dd3f008cc63a80f489d2b430321f2,115.65524796982122,2773.3766673437603,47.58958570000141,56.42973020000136,18.14646280197837,1152.0,720.0,6575,5607,305,130,0,0,14879.0,14961.0,2.6179656982421875,891,629,0.957,0.007
grow-pipeline2-dma1-bounce,3,131072,steady,1024,f09e653f428e46c606a446ac2cc681f702e660520832712f5ec81f8b0445361b,d288253bf2d2ca43d9d8be7ddae410559935d84f46577fbd1dfee5d697f246b0,118.08662761197472,2769.093609442704,47.6640797,56.3206895000003,18.181595592859257,1152.0,720.0,6575,5607,401,141,0,0,14879.0,14961.0,2.6179656982421875,904,639,0.957,0.007
grow-pipeline2-dma1-bounce,3,261000,first,1024,83a7fadada040145ed5d703a8ce055251812621f673cf1160d80b755a3408a02,1ff20882965a054a5ccbfd7d6a8aae4f79e3ddb17b6fdb5b1bee708af5351e65,112.74801259606703,2597.3534858772637,101.15747850000116,110.22491290000107,9.290095796482957,2112.0,1320.0,5892,5290,496,183,0,0,14879.0,14961.0,2.6179656982421875,934,643,0.945,0.009
grow-pipeline2-dma1-bounce,3,261000,steady,1024,83a7fadada040145ed5d703a8ce055251812621f673cf1160d80b755a3408a02,390fb4e41feb06aacd581d8ba91687c4735e5c9a78f7e9b8ce1d5b740fdcaa03,112.48173819436053,2608.315028491594,100.71132639999996,109.80074460000105,9.32598411541182,2112.0,1320.0,5954,5290,593,197,0,0,14879.0,14961.0,2.6179656982421875,908,636,0.947,0.009
grow-pipeline2,4,65536,first,1024,eeafe0e75c481ba15a25e6829bb42ca4cf7f115196d481507e3bcca2f65402f8,3e334364db5fbf6d8f492d5d74d4372f88a010bb548af8961df0243d17b97dda,119.60101847742298,2785.565520465848,23.72859519999838,32.27852499999972,31.723878337068033,608.0,380.0,6916,5789,0,0,0,0,14879.0,14961.0,3.274272918701172,866,634,0.958,0.006
grow-pipeline2,4,65536,steady,1024,eeafe0e75c481ba15a25e6829bb42ca4cf7f115196d481507e3bcca2f65402f8,a7603d60e251512b23451f9fb1f766a2f4a2c00959f0a17c161f34fe4ee377ed,115.93940354611534,2777.6200183942733,23.787553100000878,32.608545300001424,31.40281145874837,608.0,380.0,6916,5789,0,0,0,0,14879.0,14961.0,3.274272918701172,920,637,0.956,0.007
grow-pipeline2,4,131072,first,1024,f09e653f428e46c606a446ac2cc681f702e660520832712f5ec81f8b0445361b,c755043475c42d91931ec0d6d5b226dc1fd9bdb6c609bd4ddb77b4f21ad9c0ce,121.39749380564545,2798.6744559461586,47.19190089999938,55.61416319999989,18.412575881389905,1152.0,720.0,6575,5607,0,0,0,0,14879.0,14961.0,3.274272918701172,912,659,0.952,0.007
grow-pipeline2,4,131072,steady,1024,f09e653f428e46c606a446ac2cc681f702e660520832712f5ec81f8b0445361b,b85e10888401faaad866b339e241659d9e39161098a4ee4222ee5fbd4da60c39,121.6802329035708,2764.7829361053164,47.76473029999943,56.173106899999766,18.229363774073253,1152.0,720.0,6514,5607,0,0,0,0,14879.0,14961.0,3.274272918701172,903,652,0.959,0.007
grow-pipeline2,4,261000,first,1024,83a7fadada040145ed5d703a8ce055251812621f673cf1160d80b755a3408a02,d6b3d09597ae3121ebd80fabc21e2f95a1116a1556e685319044e2b61874ef22,111.0737490644423,2581.97524073704,101.75467749999916,110.95813579999958,9.228705877374734,2112.0,1320.0,5896,5288,0,0,0,0,14879.0,14961.0,3.274272918701172,900,628,0.948,0.008
grow-pipeline2,4,261000,steady,1024,83a7fadada040145ed5d703a8ce055251812621f673cf1160d80b755a3408a02,8f53f2f961a0dd169e2f59d06ddb714b87d643762bb3d587bfe190e926951689,77.51820618026011,2606.140306206508,100.817032500001,114.01059330000135,8.981621534987555,2112.0,1320.0,5954,5290,0,0,0,0,14879.0,14961.0,3.274272918701172,921,639,0.948,0.008
grow-pipeline2-dma1-bounce,4,65536,first,1024,eeafe0e75c481ba15a25e6829bb42ca4cf7f115196d481507e3bcca2f65402f8,d5ca114ac45631046f056a8a43ba7f7ff9afa8734874c8449ea6c18e23624364,114.35846464826956,2780.4246833966185,23.75780450000093,32.70074659999955,31.314269748202452,608.0,380.0,6905,5788,111,70,0,0,14879.0,14961.0,2.4475784301757812,918,625,0.959,0.006
grow-pipeline2-dma1-bounce,4,65536,steady,1024,eeafe0e75c481ba15a25e6829bb42ca4cf7f115196d481507e3bcca2f65402f8,dadbd644ec2936ce43359bde7d573bbc6f35f43a0d15b29edd1f3da5293d7819,118.24207293134107,2775.949340279984,23.807868600000802,32.455999200001315,31.550407482138418,608.0,380.0,6909,5789,208,97,0,0,14879.0,14961.0,2.4475784301757812,912,636,0.961,0.007
grow-pipeline2-dma1-bounce,4,131072,first,1024,f09e653f428e46c606a446ac2cc681f702e660520832712f5ec81f8b0445361b,5bf66ad8d54e0a2b6cd8434451045f4e1b3333fea913fc4495a81771cdb3be49,118.27075224356382,2764.3397806193357,47.77141169999959,56.41443460000119,18.15138283775299,1152.0,720.0,6531,5606,303,136,0,0,14879.0,14961.0,2.4475784301757812,904,645,0.955,0.007
grow-pipeline2-dma1-bounce,4,131072,steady,1024,f09e653f428e46c606a446ac2cc681f702e660520832712f5ec81f8b0445361b,d36fba6bd723091b3a51cb3ed70ed7a08d791aa0ae0c5364318e6409b287348e,117.27652751531811,2765.4712749415035,47.7389275000005,56.456313200000295,18.137918364814418,1152.0,720.0,6575,5607,401,145,0,0,14879.0,14961.0,2.4475784301757812,879,631,0.96,0.007
grow-pipeline2-dma1-bounce,4,261000,first,1024,83a7fadada040145ed5d703a8ce055251812621f673cf1160d80b755a3408a02,76008bf850c485443f7840fb52f4a901d11f9a121112a2c3e6913c208dfd5899,109.53160264843993,2555.556425902572,102.78585109999949,112.12323950000064,9.132807833294846,2112.0,1320.0,5954,5290,494,181,0,0,14879.0,14961.0,2.4475784301757812,883,648,0.947,0.008
grow-pipeline2-dma1-bounce,4,261000,steady,1024,83a7fadada040145ed5d703a8ce055251812621f673cf1160d80b755a3408a02,d68fa077f85d745259e8014266c14eca823a640642b62a8860ce9fb428e9b2e3,117.97370937453196,2550.4969071560495,103.0159607000005,111.6792891999994,9.169112799116968,2112.0,1320.0,5954,5290,587,194,0,0,14879.0,14961.0,2.4475784301757812,877,651,0.945,0.009
grow-pipeline2,5,65536,first,1024,eeafe0e75c481ba15a25e6829bb42ca4cf7f115196d481507e3bcca2f65402f8,eae5b14b20d9c55aede2dd172513879a7aa3ff0860102e8c1de889231978780b,114.0705588789003,2775.0207482935584,23.813989899999797,32.77833830000054,31.24014373846349,608.0,380.0,6909,5789,0,0,0,0,14879.0,14961.0,3.6044845581054688,898,616,0.958,0.006
grow-pipeline2,5,65536,steady,1024,eeafe0e75c481ba15a25e6829bb42ca4cf7f115196d481507e3bcca2f65402f8,159be50eb450ebc0dd93f4ac74138da0ed3a36520140951a5ea42d44fcd4fde1,116.66059059423988,2788.5879624704808,23.70301069999914,32.467577899999014,31.539155866629372,608.0,380.0,6908,5789,0,0,0,0,14879.0,14961.0,3.6044845581054688,894,624,0.961,0.007
grow-pipeline2,5,131072,first,1024,f09e653f428e46c606a446ac2cc681f702e660520832712f5ec81f8b0445361b,138c2d52d2ee9d4e0f12856b726393cc1379122d57f321529c3d6427a28ae4c2,115.35948448730369,2759.6196764386355,47.83181599999989,56.69378669999969,18.06194399076902,1152.0,720.0,6575,5607,0,0,0,0,14879.0,14961.0,3.6044845581054688,906,636,0.955,0.007
grow-pipeline2,5,131072,steady,1024,f09e653f428e46c606a446ac2cc681f702e660520832712f5ec81f8b0445361b,270d3cab66d1acf452e8147231e734807750e1fdfb4017c90a5e5c3d1f6307c0,116.13927639786776,2752.7055151977183,47.948351099999854,56.75329779999993,18.04300436617097,1152.0,720.0,6575,5607,0,0,0,0,14879.0,14961.0,3.6044845581054688,905,633,0.96,0.007
grow-pipeline2,5,261000,first,1024,83a7fadada040145ed5d703a8ce055251812621f673cf1160d80b755a3408a02,09812dea51a3db6f1259379ece0b3c1dbb97df951e3606e2ca58cd9310015692,109.58083191541729,2598.1963937830437,101.10294680000152,110.43165349999981,9.27270368182979,2112.0,1320.0,5954,5290,0,0,0,0,14879.0,14961.0,3.6044845581054688,894,620,0.943,0.009
grow-pipeline2,5,261000,steady,1024,83a7fadada040145ed5d703a8ce055251812621f673cf1160d80b755a3408a02,5d2582130992ddd6cf56070c2ca29373ff0683ccabab80b868d0be22e9aa523d,112.03133376366203,2599.050201501076,101.06745310000042,110.19468869999946,9.292643884024194,2112.0,1320.0,5934,5290,0,0,0,0,14879.0,14961.0,3.6044845581054688,885,630,0.948,0.009
grow-pipeline2-dma1-bounce,5,65536,first,1024,eeafe0e75c481ba15a25e6829bb42ca4cf7f115196d481507e3bcca2f65402f8,c0521a1d81ad6dccff8d822576c3f21d1bc5d4d02b8fabb6d96f40891bd1c0e9,116.39405753776555,2777.0432896030375,23.797471800000494,32.58541470000091,31.425102593522354,608.0,380.0,6916,5789,108,71,0,0,14879.0,14961.0,3.130596160888672,885,633,0.958,0.006
grow-pipeline2-dma1-bounce,5,65536,steady,1024,eeafe0e75c481ba15a25e6829bb42ca4cf7f115196d481507e3bcca2f65402f8,10e0537c2a3bd584b665f50975973be235da1beb6355a1ca4d0b2b6d6aa0aaab,116.00770363656962,2790.4402215797563,23.68474210000022,32.500234000001,31.507465453940068,608.0,380.0,6908,5789,209,98,0,0,14879.0,14961.0,3.130596160888672,905,621,0.961,0.007
grow-pipeline2-dma1-bounce,5,131072,first,1024,f09e653f428e46c606a446ac2cc681f702e660520832712f5ec81f8b0445361b,a2cc31fde8adb50b03d4fc2112f824c712eb4ed5ad7281f4bba3e1531cf5d2ce,121.4622921263018,2785.754971222593,47.38390170000093,55.80206610000096,18.350575015715815,1152.0,720.0,6575,5607,304,131,0,0,14879.0,14961.0,3.130596160888672,887,645,0.96,0.007
grow-pipeline2-dma1-bounce,5,131072,steady,1024,f09e653f428e46c606a446ac2cc681f702e660520832712f5ec81f8b0445361b,57f2b3390ae2f35f7e502374dd4e1cb8535a361dbab7da1b28d659598338010a,108.74990707405401,2795.606270662259,47.24522120000074,56.64776390000043,18.076618201693787,1152.0,720.0,6551,5607,400,145,0,0,14879.0,14961.0,3.130596160888672,878,641,0.962,0.006
grow-pipeline2-dma1-bounce,5,261000,first,1024,83a7fadada040145ed5d703a8ce055251812621f673cf1160d80b755a3408a02,cf541eef47c184feb931875595ae7d734aa5b012d0f30a8b0510008680261f00,95.96910994273718,2597.45429575152,101.12946949999969,111.78664729999946,9.160306930504078,2112.0,1320.0,5954,5290,504,199,0,0,14879.0,14961.0,3.130596160888672,884,607,0.948,0.008
grow-pipeline2-dma1-bounce,5,261000,steady,1024,83a7fadada040145ed5d703a8ce055251812621f673cf1160d80b755a3408a02,0971ddb2fbf9f0ecd23506c13ab9e3a57d6887b32b866f149f855d6afd2e6bf2,111.34549724898332,2604.1640683228884,100.87830290000056,110.05834219999997,9.304156136925714,2112.0,1320.0,5865,5283,603,219,0,0,14879.0,14961.0,3.130596160888672,902,631,0.943,0.01
grow-pipeline2,6,65536,first,1024,eeafe0e75c481ba15a25e6829bb42ca4cf7f115196d481507e3bcca2f65402f8,b981ccfc5d7cf68e1ea346325fee30bf00ddbc2db2b82c2040c502daa320a507,118.13703434511243,2764.6488082682977,23.903649400001086,32.559804200000144,31.449820573552326,608.0,380.0,6881,5787,0,0,0,0,14879.0,14961.0,3.5342254638671875,896,638,0.959,0.006
grow-pipeline2,6,65536,steady,1024,eeafe0e75c481ba15a25e6829bb42ca4cf7f115196d481507e3bcca2f65402f8,579543079fd98fd31abb7e592edd6a7dcc1cd8ce629660cc85bc898828084c08,112.34845575730978,2792.354429948274,23.67696260000048,32.77671389999887,31.24169198670143,608.0,380.0,6916,5789,0,0,0,0,14879.0,14961.0,3.5342254638671875,925,616,0.962,0.007
grow-pipeline2,6,131072,first,1024,f09e653f428e46c606a446ac2cc681f702e660520832712f5ec81f8b0445361b,a094f4d5262ec34ef1add0193ebf8c486dca47afbef66b7f91966ca81d9dec76,117.59571878086314,2785.328743253007,47.387663900000916,56.084165199999916,18.25827301428749,1152.0,720.0,6575,5607,0,0,0,0,14879.0,14961.0,3.5342254638671875,895,636,0.962,0.007
grow-pipeline2,6,131072,steady,1024,f09e653f428e46c606a446ac2cc681f702e660520832712f5ec81f8b0445361b,df30e1a2335f341846f12cc0fb41a9212c1b7ba3d094de59a14e70a56d6c4624,113.36086171967541,2785.843785136017,47.380753299999924,56.4027088999992,18.155156374058738,1152.0,720.0,6575,5607,0,0,0,0,14879.0,14961.0,3.5342254638671875,917,629,0.954,0.008
grow-pipeline2,6,261000,first,1024,83a7fadada040145ed5d703a8ce055251812621f673cf1160d80b755a3408a02,a3ef080a1870741d90a11c88f42c025692b4ccc26c538cfa19a698b5aa9e8e70,113.32698820248346,2604.23682390869,100.8859999999986,109.90834149999864,9.316854262604014,2112.0,1320.0,5954,5290,0,0,0,0,14879.0,14961.0,3.5342254638671875,901,635,0.948,0.008
grow-pipeline2,6,261000,steady,1024,83a7fadada040145ed5d703a8ce055251812621f673cf1160d80b755a3408a02,63021740ee0cd9055604f3a9b1810a72a5604fd1a5943f23b9654de394220f9f,113.04175038085354,2590.3341828835482,101.41394020000007,110.45605969999997,9.270654799575476,2112.0,1320.0,5954,5290,0,0,0,0,14879.0,14961.0,3.5342254638671875,898,652,0.944,0.009
grow-pipeline2-dma1-bounce,6,65536,first,1024,eeafe0e75c481ba15a25e6829bb42ca4cf7f115196d481507e3bcca2f65402f8,e1c95e13d7dcdf6b99dc66d9a9642c1bfc537866a186b5a011bdfd863ab2145e,44.82440128344867,2778.9509392358905,23.782042799999545,46.61439570000039,21.967462725254023,608.0,380.0,6916,5789,110,83,0,0,14879.0,14961.0,3.052478790283203,888,631,0.955,0.006
grow-pipeline2-dma1-bounce,6,65536,steady,1024,eeafe0e75c481ba15a25e6829bb42ca4cf7f115196d481507e3bcca2f65402f8,1c1c1440b6d57eaf9d43787f083d7882908f8e5b3e6e66f97807f0d97d14d993,55.12459558249579,2758.0866447263206,23.96018240000012,42.523367199999484,24.080877583937248,608.0,380.0,6916,5789,211,103,0,0,14879.0,14961.0,3.052478790283203,935,620,0.96,0.007
grow-pipeline2-dma1-bounce,6,131072,first,1024,f09e653f428e46c606a446ac2cc681f702e660520832712f5ec81f8b0445361b,538412b010e51fed22678d810986fdb47e75e40c41ec92a28549419d774aa542,69.3640052293957,2767.5558802538844,47.70075680000082,62.45069330000115,16.396935660600285,1152.0,720.0,6575,5607,309,136,0,0,14879.0,14961.0,3.052478790283203,895,630,0.958,0.007
grow-pipeline2-dma1-bounce,6,131072,steady,1024,f09e653f428e46c606a446ac2cc681f702e660520832712f5ec81f8b0445361b,95930b85335be658edfd6f4706836351957cda91ec90880b4e4017ab5f164776,106.06782540241552,2756.3292403649816,47.88373850000062,57.5245560000003,17.80109350170377,1152.0,720.0,6575,5607,422,163,0,0,14879.0,14961.0,3.052478790283203,867,573,0.962,0.006
grow-pipeline2-dma1-bounce,6,261000,first,1024,83a7fadada040145ed5d703a8ce055251812621f673cf1160d80b755a3408a02,a13042484e5cc43535b6a21bd943a21dc6186e0f39f57694d809fd352097e642,112.69093630320906,2589.9306275669837,101.42033620000075,110.49272900000142,9.267578140820351,2112.0,1320.0,5910,5287,519,209,0,0,14879.0,14961.0,3.052478790283203,902,638,0.942,0.01
grow-pipeline2-dma1-bounce,6,261000,steady,1024,83a7fadada040145ed5d703a8ce055251812621f673cf1160d80b755a3408a02,eb16f8592c186170189cd98bee3d2af31928046b9368fed4cd519fdd5001db8f,109.89246850250048,2603.387396014124,100.9059672000003,110.21060810000017,9.291301605657308,2112.0,1320.0,5927,5290,620,225,0,0,14879.0,14961.0,3.052478790283203,916,620,0.95,0.008
grow-pipeline2,7,65536,first,1024,eeafe0e75c481ba15a25e6829bb42ca4cf7f115196d481507e3bcca2f65402f8,00e1137ecd0091b5d0b0b73abd54676ea63041ec8996beda95ad9fc9e67a5df7,122.42945958871353,2781.168043048353,23.76404730000104,32.11541000000034,31.88500473760071,608.0,380.0,6916,5789,0,0,0,0,14879.0,14961.0,3.5264930725097656,908,656,0.954,0.007
grow-pipeline2,7,65536,steady,1024,eeafe0e75c481ba15a25e6829bb42ca4cf7f115196d481507e3bcca2f65402f8,fdf1d2b5aa0f018c7fa298915e20787c36bc9c2f499900a9099e23bec68325dc,117.12360887119834,2790.1907356948227,23.695066499998575,32.423391999998785,31.58213674867942,608.0,380.0,6897,5789,0,0,0,0,14879.0,14961.0,3.5264930725097656,919,633,0.962,0.007
grow-pipeline2,7,131072,first,1024,f09e653f428e46c606a446ac2cc681f702e660520832712f5ec81f8b0445361b,690082767dd620fb8378a6209f4df0a6530dbaf87cad0d7e91ab7c098d9395ac,120.46917095092998,2769.0292595331152,47.66947660000005,56.15727719999995,18.234502295278677,1152.0,720.0,6575,5607,0,0,0,0,14879.0,14961.0,3.5264930725097656,874,643,0.959,0.007
grow-pipeline2,7,131072,steady,1024,f09e653f428e46c606a446ac2cc681f702e660520832712f5ec81f8b0445361b,f9e0f093fa52a5f8965effbf5bd1fa44dddf8d2b1c583dedbd5e09d46c40c04f,116.91766667047258,2762.428843304579,47.804907199999434,56.550067000000126,18.107847688314813,1152.0,720.0,6559,5606,0,0,0,0,14879.0,14961.0,3.5264930725097656,865,628,0.956,0.007
grow-pipeline2,7,261000,first,1024,83a7fadada040145ed5d703a8ce055251812621f673cf1160d80b755a3408a02,936837e96fe4980d8f2964e111dd580e7b334b26207a26c4c75176b8696b061d,113.89673659155117,2586.4760007729697,101.58091480000076,110.55696320000061,9.262193627257613,2112.0,1320.0,5954,5290,0,0,0,0,14879.0,14961.0,3.5264930725097656,884,638,0.947,0.009
grow-pipeline2,7,261000,steady,1024,83a7fadada040145ed5d703a8ce055251812621f673cf1160d80b755a3408a02,7ce8810898ca9329e74688180738f546ec552604f9a24b182dd9fb670860cd8b,110.64050479730312,2604.5850676443674,100.853973700001,110.09630250000009,9.300948140379184,2112.0,1320.0,5954,5290,0,0,0,0,14879.0,14961.0,3.5264930725097656,906,630,0.945,0.009
grow-pipeline2-dma1-bounce,7,65536,first,1024,eeafe0e75c481ba15a25e6829bb42ca4cf7f115196d481507e3bcca2f65402f8,01d35560320e1f24aba86ae004d5e8afe8e42225a034dc5d231d27588686a50a,118.74528903577433,2780.6252333593566,23.76452810000046,32.37712029999966,31.62727229944569,608.0,380.0,6911,5788,106,74,0,0,14879.0,14961.0,2.9999427795410156,942,644,0.958,0.007
grow-pipeline2-dma1-bounce,7,65536,steady,1024,eeafe0e75c481ba15a25e6829bb42ca4cf7f115196d481507e3bcca2f65402f8,54b37de6acdc8740b9d75766e3582f7814f930effb2c6363aae77d63b8f89744,116.61940391996082,2789.8581572360245,23.693381600000066,32.46131710000009,31.545238809795467,608.0,380.0,6916,5789,205,100,0,0,14879.0,14961.0,2.9999427795410156,900,629,0.961,0.007
grow-pipeline2-dma1-bounce,7,131072,first,1024,f09e653f428e46c606a446ac2cc681f702e660520832712f5ec81f8b0445361b,83971c93361b82cade6500fe54e64d80d06f5819da80a31bfa6c271af330a959,121.72217863680669,2792.6697532508206,47.28492159999951,55.68301389999942,18.389809176618773,1152.0,720.0,6575,5607,299,132,0,0,14879.0,14961.0,2.9999427795410156,873,650,0.958,0.007
grow-pipeline2-dma1-bounce,7,131072,steady,1024,f09e653f428e46c606a446ac2cc681f702e660520832712f5ec81f8b0445361b,54b9bd3ed1defd0d5fed7d86a9345a1b75bb7262bf6968cacd7ed5f30ae7d99c,117.58761655413164,2791.4623913312007,47.30818309999995,56.00222609999946,18.284987424812563,1152.0,720.0,6575,5607,395,146,0,0,14879.0,14961.0,2.9999427795410156,906,640,0.957,0.007
grow-pipeline2-dma1-bounce,7,261000,first,1024,83a7fadada040145ed5d703a8ce055251812621f673cf1160d80b755a3408a02,7fec6e823dafa34514599cd30d40fd8f1a44f520716b4dcb89c8c42269da9701,115.77685819596137,2584.7828584331264,101.64443819999906,110.47518329999912,9.26905002021398,2112.0,1320.0,5925,5290,488,195,0,0,14879.0,14961.0,2.9999427795410156,899,651,0.942,0.009
grow-pipeline2-dma1-bounce,7,261000,steady,1024,83a7fadada040145ed5d703a8ce055251812621f673cf1160d80b755a3408a02,3c2bca0745c523b1a2d4b40db35d4cb63c19817c02842f76429d0c804022fefc,115.58605743182228,2586.7682344860805,101.56403940000018,110.40844180000022,9.274653127112586,2112.0,1320.0,5954,5290,582,204,0,0,14879.0,14961.0,2.9999427795410156,910,648,0.946,0.009
grow-pipeline2,8,65536,first,1024,eeafe0e75c481ba15a25e6829bb42ca4cf7f115196d481507e3bcca2f65402f8,1ad38bf7a8e4ba5f1c4251587bc33288fb7730cd1dbe10f764cc90e93395ae16,118.62286270330384,2773.5644637053088,23.822938699999213,32.44376030000058,31.562309378792378,608.0,380.0,6916,5789,0,0,0,0,14879.0,14961.0,3.277568817138672,903,639,0.958,0.006
grow-pipeline2,8,65536,steady,1024,eeafe0e75c481ba15a25e6829bb42ca4cf7f115196d481507e3bcca2f65402f8,950005886ea215f9e908d0b44cb33980ded01afe695a43c5d68c2cd71a6d9a1d,116.50397069196988,2787.4730444176953,23.688858800000162,32.4674414000001,31.53928846391933,608.0,380.0,6916,5789,0,0,0,0,14879.0,14961.0,3.277568817138672,923,636,0.958,0.007
grow-pipeline2,8,131072,first,1024,f09e653f428e46c606a446ac2cc681f702e660520832712f5ec81f8b0445361b,5aea767669c60fae89ca73479b6b96ccc2a809e925816c2522ebf02151df92f2,116.6911672535412,2764.8120960529204,47.739824399999634,56.50318819999666,18.12287116216321,1152.0,720.0,6559,5607,0,0,0,0,14879.0,14961.0,3.277568817138672,878,635,0.953,0.007
grow-pipeline2,8,131072,steady,1024,f09e653f428e46c606a446ac2cc681f702e660520832712f5ec81f8b0445361b,8a98f7734c4b90ed005d9bd4a7e3500c5dc79be64c807f972050c4eb4a6a53d1,55.15458364752774,2751.3938335460466,47.98967460000131,66.54326890000084,15.388483567569176,1152.0,720.0,6575,5607,0,0,0,0,14879.0,14961.0,3.277568817138672,854,641,0.96,0.007
grow-pipeline2,8,261000,first,1024,83a7fadada040145ed5d703a8ce055251812621f673cf1160d80b755a3408a02,f83e7b3103ac7e1d26231512c23a4d734d329dc8917a8f9267bb381543467d54,111.85266906246929,2586.5708413193292,101.54640680000011,110.68899020000026,9.251145919298462,2112.0,1320.0,5954,5290,0,0,0,0,14879.0,14961.0,3.277568817138672,866,628,0.947,0.009
grow-pipeline2,8,261000,steady,1024,83a7fadada040145ed5d703a8ce055251812621f673cf1160d80b755a3408a02,60ee56eacb321288a253fc335dcc680b59aabbcfa62957f4aee751c05ca95a3f,108.96746937950263,2601.0083142576113,100.99473009999929,110.37584459999925,9.277392202170356,2112.0,1320.0,5945,5290,0,0,0,0,14879.0,14961.0,3.277568817138672,886,622,0.943,0.009
grow-pipeline2-dma1-bounce,8,65536,first,1024,eeafe0e75c481ba15a25e6829bb42ca4cf7f115196d481507e3bcca2f65402f8,5cb6547f8f9f87cccbe1d21928ab78073dd90369f67fe274ca79aefdd9efeec5,40.99903107758586,2789.0270578522245,23.697761700001138,48.662700799999584,21.042810677700995,608.0,380.0,6916,5789,113,74,0,0,14879.0,14961.0,2.987445831298828,904,614,0.957,0.007
grow-pipeline2-dma1-bounce,8,65536,steady,1024,eeafe0e75c481ba15a25e6829bb42ca4cf7f115196d481507e3bcca2f65402f8,528dd4d6789633c3f9a4f9a5a4920087d8c47a3fcb14fea0f8b8c3eab5ff6ca7,66.14004379194306,2772.2973315961353,23.841391300000396,39.309472499997355,26.049700870447165,608.0,380.0,6916,5789,211,98,0,0,14879.0,14961.0,2.987445831298828,896,632,0.96,0.007
grow-pipeline2-dma1-bounce,8,131072,first,1024,f09e653f428e46c606a446ac2cc681f702e660520832712f5ec81f8b0445361b,8cecd0e9248e1c2422ac447c250cfd89a4523d612cf45fa82516947c58e8c48b,119.08776908137276,2781.752390250114,47.47689629999877,56.061760999997205,18.265569645592315,1152.0,720.0,6575,5607,309,143,0,0,14879.0,14961.0,2.987445831298828,857,635,0.956,0.007
grow-pipeline2-dma1-bounce,8,131072,steady,1024,f09e653f428e46c606a446ac2cc681f702e660520832712f5ec81f8b0445361b,7925bdaec68266d8530aef822f28f60bd757ff8fa493bcbd8fcc4ec1d6874d9a,120.38844082861108,2784.453017453816,47.416458600000624,55.90785719999985,18.315851318300975,1152.0,720.0,6575,5607,405,165,0,0,14879.0,14961.0,2.987445831298828,888,642,0.959,0.007
grow-pipeline2-dma1-bounce,8,261000,first,1024,83a7fadada040145ed5d703a8ce055251812621f673cf1160d80b755a3408a02,9d1824b1b0630d7d876dcc890b4c4ec72efb32e484a87143a8f2c03776d99c86,111.72574820245929,2612.1550278980158,100.57987729999877,109.72597099999984,9.332339378432126,2112.0,1320.0,5954,5290,502,208,0,0,14879.0,14961.0,2.987445831298828,902,637,0.943,0.009
grow-pipeline2-dma1-bounce,8,261000,steady,1024,83a7fadada040145ed5d703a8ce055251812621f673cf1160d80b755a3408a02,5206e8c9a2fda95d2f4d150bd8fcc49e639a4677b90aaaf973e717497d291ac0,114.38529076651548,2604.3511623289087,100.87140979999822,109.80763039999874,9.325399303034335,2112.0,1320.0,5867,5289,599,221,0,0,14879.0,14961.0,2.987445831298828,882,640,0.948,0.009
grow-pipeline2,9,65536,first,1024,eeafe0e75c481ba15a25e6829bb42ca4cf7f115196d481507e3bcca2f65402f8,dc1863d3cb84115203ec4f315137a18673b95b68bd46b7fe41874279ea185522,42.03888596952181,2763.48302761965,23.914224100000865,48.25989050000135,21.218448475343546,608.0,380.0,6916,5789,0,0,0,0,14879.0,14961.0,3.5831260681152344,960,634,0.959,0.006
grow-pipeline2,9,65536,steady,1024,eeafe0e75c481ba15a25e6829bb42ca4cf7f115196d481507e3bcca2f65402f8,a74a858177d32c75a3c0e99776c20b0926b2f173ff607ecdb4abfd6806d99326,59.39468463974572,2795.1531798194173,23.620295100001385,40.849873999999545,25.067396780710055,608.0,380.0,6916,5789,0,0,0,0,14879.0,14961.0,3.5831260681152344,931,636,0.961,0.007
grow-pipeline2,9,131072,first,1024,f09e653f428e46c606a446ac2cc681f702e660520832712f5ec81f8b0445361b,e09a3f09b921c34a7cc27563cadff8a9cda5e37ec3d9f917a917010b6d4d37bb,67.52078703917392,2779.2102049124715,47.5183154999977,62.67001549999986,16.339552365357278,1152.0,720.0,6575,5607,0,0,0,0,14879.0,14961.0,3.5831260681152344,911,639,0.959,0.007
grow-pipeline2,9,131072,steady,1024,f09e653f428e46c606a446ac2cc681f702e660520832712f5ec81f8b0445361b,36035e98e8c8f642001cc7a009bca24493c252d220d95656379921a42da2edec,53.56124760046657,2795.2843225905517,47.2498609999966,66.35581989999991,15.431954597851353,1152.0,720.0,6575,5607,0,0,0,0,14879.0,14961.0,3.5831260681152344,881,629,0.961,0.007
grow-pipeline2,9,261000,first,1024,83a7fadada040145ed5d703a8ce055251812621f673cf1160d80b755a3408a02,8106819fa1760a690c7f2bcc2f043556736e49461b2a2fcedf6e966d054aff51,70.52244459442707,2598.607703826425,101.0854247999996,115.59009159999914,8.858890808249932,2112.0,1320.0,5936,5290,0,0,0,0,14879.0,14961.0,3.5831260681152344,911,624,0.948,0.009
grow-pipeline2,9,261000,steady,1024,83a7fadada040145ed5d703a8ce055251812621f673cf1160d80b755a3408a02,7bc34b9c28f78581a603eab91e15d9a80dd8472c00343d31409bcb685e4a9f67,111.84045260433163,2601.6668610440756,100.96643679999761,110.10655199999746,9.300082342057388,2112.0,1320.0,5954,5290,0,0,0,0,14879.0,14961.0,3.5831260681152344,894,634,0.948,0.009
grow-pipeline2-dma1-bounce,9,65536,first,1024,eeafe0e75c481ba15a25e6829bb42ca4cf7f115196d481507e3bcca2f65402f8,3f143d77f42a72b61e46398d16ac895c59bf01750644495c59bcf486465b7871,118.25572801182557,2775.067750677507,23.811758899999404,32.460042099999555,31.546477877181005,608.0,380.0,6889,5786,109,75,0,0,14879.0,14961.0,3.049091339111328,904,633,0.957,0.007
grow-pipeline2-dma1-bounce,9,65536,steady,1024,eeafe0e75c481ba15a25e6829bb42ca4cf7f115196d481507e3bcca2f65402f8,6dd18b00d1220c800bc5fcda80f5f334493964a0bc92acd65a88f273284c0448,113.81571634989442,2781.3923089002346,23.739021800000046,32.72284440000294,31.293123161381043,608.0,380.0,6916,5789,211,100,0,0,14879.0,14961.0,3.049091339111328,907,617,0.96,0.007
grow-pipeline2-dma1-bounce,9,131072,first,1024,f09e653f428e46c606a446ac2cc681f702e660520832712f5ec81f8b0445361b,508de0dd1fbfb6b766bd72adf75de261ea0a674dde5535ae650e1cd7214f158e,118.15748176866981,2772.6843879964295,47.62752949999776,56.279215999998996,18.194994045404226,1152.0,720.0,6575,5607,306,138,0,0,14879.0,14961.0,3.049091339111328,920,646,0.955,0.007
grow-pipeline2-dma1-bounce,9,131072,steady,1024,f09e653f428e46c606a446ac2cc681f702e660520832712f5ec81f8b0445361b,c884ca84cdc7455cb17aa6893150d53d7b031ee2dc1204892a5a42088feb1628,121.94976717598162,2797.061924089747,47.21654910000143,55.60033300000214,18.41715588286064,1152.0,720.0,6492,5607,402,159,0,0,14879.0,14961.0,3.049091339111328,870,638,0.962,0.006
grow-pipeline2-dma1-bounce,9,261000,first,1024,83a7fadada040145ed5d703a8ce055251812621f673cf1160d80b755a3408a02,c82db4ca6a2701fed27088e5ea5f9d3aa2e903dd489e64891220060c387948db,112.89469042159111,2596.8237164626685,101.19615930000145,110.25117110000065,9.287883201451036,2112.0,1320.0,5935,5290,500,202,0,0,14879.0,14961.0,3.049091339111328,891,634,0.945,0.009
grow-pipeline2-dma1-bounce,9,261000,steady,1024,83a7fadada040145ed5d703a8ce055251812621f673cf1160d80b755a3408a02,444b1ddc34a8f21ea42fe79dee825d6e332509a470d60b48474557d9865c5741,71.82184815009644,2606.3459030439326,100.78305279999768,115.02847499999916,8.902143577927182,2112.0,1320.0,5920,5290,596,218,0,0,14879.0,14961.0,3.049091339111328,862,641,0.948,0.009
